id,title,author,category,subcategory,difficulty,readability,style,learning_type,chronology_hint,short_description,store_url,affiliate_url,is_beginner_friendly,is_intermediate,is_advanced
1,Atomic Habits,James Clear,habits,,1,5,tactical/how-to,behavioral-skill,,A comprehensive and practical guide to building good habits and breaking bad ones through small changes.,https://www.amazon.com/Atomic-Habits-Proven-Build-Break/dp/0735211299,https://www.amazon.com/Atomic-Habits-Proven-Build-Break/dp/0735211299?tag=halchemylab-20,True,True,True
2,Tiny Habits,BJ Fogg,habits,,2,4,tactical/how-to,behavioral-skill,,Focuses on small actions that can be done in less than thirty seconds to build sustainable habits.,https://www.amazon.com/Tiny-Habits-Changes-Change-Everything/dp/0358003326,https://www.amazon.com/Tiny-Habits-Changes-Change-Everything/dp/0358003326?tag=halchemylab-20,True,True,False
3,The Power of Habit,Charles Duhigg,habits,,2,5,story-driven,conceptual,,Explores the science behind why habits exist and how they can be changed.,https://www.amazon.com/Power-Habit-What-Life-Business/dp/081298160X,https://www.amazon.com/Power-Habit-What-Life-Business/dp/081298160X?tag=halchemylab-20,True,True,True
4,Python Crash Course,Eric Matthes,coding,python,1,5,tactical/how-to,procedural-skill,,"A fast-paced,thorough introduction to programming with Python that will have you writing programs to solve problems quickly.",https://www.amazon.com/Python-Crash-Course-2nd-Edition/dp/1593279280,https://www.amazon.com/Python-Crash-Course-2nd-Edition/dp/1593279280?tag=halchemylab-20,True,False,False
5,Automate the Boring Stuff with Python,Al Sweigart,coding,python,1,5,tactical/how-to,procedural-skill,,"Practical programming for total beginners,focusing on simple scripts to automate mundane tasks.",https://www.amazon.com/Automate-Boring-Stuff-Python-2nd/dp/1593279922,https://www.amazon.com/Automate-Boring-Stuff-Python-2nd/dp/1593279922?tag=halchemylab-20,True,False,False
6,Fluent Python,Luciano Ramalho,coding,python,4,3,academic,conceptual,,A deep dive into Python's features for experienced programmers who want to write idiomatic Python code.,https://www.amazon.com/Fluent-Python-Concise-Effective-Programming/dp/1491946008,https://www.amazon.com/Fluent-Python-Concise-Effective-Programming/dp/1491946008?tag=halchemylab-20,False,True,True
7,Salt Fat Acid Heat,Samin Nosrat,cooking,,1,5,story-driven,conceptual,,Master the four elements of good cooking to instinctively create delicious meals without recipes.,https://www.amazon.com/Salt-Fat-Acid-Heat-Mastering/dp/1476753830,https://www.amazon.com/Salt-Fat-Acid-Heat-Mastering/dp/1476753830?tag=halchemylab-20,True,True,True
8,The Food Lab,J. Kenji López-Alt,cooking,,3,4,reference,conceptual,,"A massive guide to the science of cooking,explaining the 'why' behind techniques and recipes.",https://www.amazon.com/Food-Lab-Cooking-Through-Science/dp/0393081087,https://www.amazon.com/Food-Lab-Cooking-Through-Science/dp/0393081087?tag=halchemylab-20,False,True,True
9,Deep Work,Cal Newport,productivity,,2,4,tactical/how-to,behavioral-skill,,"Rules for focused success in a distracted world,teaching you how to master hard things quickly.",https://www.amazon.com/Deep-Work-Focused-Success-Distracted/dp/1455586692,https://www.amazon.com/Deep-Work-Focused-Success-Distracted/dp/1455586692?tag=halchemylab-20,True,True,True
10,Getting Things Done,David Allen,productivity,,3,3,tactical/how-to,procedural-skill,,"The art of stress-free productivity,presenting a system to organize your life and clear your mind.",https://www.amazon.com/Getting-Things-Done-Stress-Free-Productivity/dp/0143126563,https://www.amazon.com/Getting-Things-Done-Stress-Free-Productivity/dp/0143126563?tag=halchemylab-20,True,True,False
11,The Rise and Fall of the Third Reich,William L. Shirer,history,WWII,4,4,narrative-history,narrative-history,1960,"A monumental history of Nazi Germany,covering its birth,rise to power,and ultimate destruction.",https://www.amazon.com/Rise-Fall-Third-Reich-History/dp/1451651686,https://www.amazon.com/Rise-Fall-Third-Reich-History/dp/1451651686?tag=halchemylab-20,False,True,True
12,Stalingard,Antony Beevor,history,WWII,3,4,narrative-history,narrative-history,1998,"A gripping account of the turning point of World War II,focused on the brutal battle of Stalingrad.",https://www.amazon.com/Stalingrad-Fateful-Siege-1942-1943/dp/0140284583,https://www.amazon.com/Stalingrad-Fateful-Siege-1942-1943/dp/0140284583?tag=halchemylab-20,False,True,True
13,Guns Germs and Steel,Jared Diamond,history,,3,3,academic,conceptual,Ancient,"A short history of everybody for the last 13,000 years,arguing geography shaped modern world inequalities.",https://www.amazon.com/Guns-Germs-Steel-Fates-Societies/dp/0393317552,https://www.amazon.com/Guns-Germs-Steel-Fates-Societies/dp/0393317552?tag=halchemylab-20,False,True,True
14,Japanese Cooking: A Simple Art,Shizuo Tsuji,cooking,japanese-cooking,3,4,reference,procedural-skill,,"The bible of Japanese cooking,covering ingredients,tools,and techniques in detail.",https://www.amazon.com/Japanese-Cooking-Simple-Shizuo-Tsuji/dp/1568363885,https://www.amazon.com/Japanese-Cooking-Simple-Shizuo-Tsuji/dp/1568363885?tag=halchemylab-20,False,True,True
15,Thinking Fast and Slow,Daniel Kahneman,business,psychology,4,3,academic,conceptual,,Explains the two systems that drive the way we think: System 1 is fast and emotional; System 2 is slower and logical.,https://www.amazon.com/Thinking-Fast-Slow-Daniel-Kahneman/dp/0374533555,https://www.amazon.com/Thinking-Fast-Slow-Daniel-Kahneman/dp/0374533555?tag=halchemylab-20,False,True,True
16,Zero to One,Peter Thiel,business,startup,2,5,story-driven,conceptual,,"Notes on startups and how to build the future,focusing on creating something new rather than copying.",https://www.amazon.com/Zero-One-Notes-Startups-Future/dp/0804139296,https://www.amazon.com/Zero-One-Notes-Startups-Future/dp/0804139296?tag=halchemylab-20,True,True,False
17,The Lean Startup,Eric Ries,business,startup,2,4,tactical/how-to,procedural-skill,,How today's entrepreneurs use continuous innovation to create radically successful businesses.,https://www.amazon.com/Lean-Startup-Entrepreneurs-Continuous-Innovation/dp/0307887818,https://www.amazon.com/Lean-Startup-Entrepreneurs-Continuous-Innovation/dp/0307887818?tag=halchemylab-20,True,True,True
18,HTML and CSS: Design and Build Websites,Jon Duckett,coding,web-dev,1,5,tactical/how-to,procedural-skill,,"A visually rich guide to HTML and CSS,perfect for beginners who are visual learners.",https://www.amazon.com/HTML-CSS-Design-Build-Websites/dp/1118008189,https://www.amazon.com/HTML-CSS-Design-Build-Websites/dp/1118008189?tag=halchemylab-20,True,False,False
19,Eloquent JavaScript,Marijn Haverbeke,coding,web-dev,3,3,academic,conceptual,,"A modern introduction to programming with JavaScript,diving deep into the language's capabilities.",https://www.amazon.com/Eloquent-JavaScript-3rd-Introduction-Programming/dp/1593279507,https://www.amazon.com/Eloquent-JavaScript-3rd-Introduction-Programming/dp/1593279507?tag=halchemylab-20,False,True,True
20,The Second World War,Antony Beevor,history,WWII,3,4,narrative-history,narrative-history,2012,"A comprehensive single-volume history of World War II,weaving together the global conflict.",https://www.amazon.com/Second-World-War-Antony-Beevor/dp/0316023744,https://www.amazon.com/Second-World-War-Antony-Beevor/dp/0316023744?tag=halchemylab-20,True,True,True
21,Clean Code,Robert C. Martin,coding,,3,3,tactical/how-to,procedural-skill,,"A handbook of agile software craftsmanship,teaching how to write code that is easy to understand and maintain.",https://www.amazon.com/Clean-Code-Handbook-Software-Craftsmanship/dp/0132350882,https://www.amazon.com/Clean-Code-Handbook-Software-Craftsmanship/dp/0132350882?tag=halchemylab-20,False,True,True
22,Design Patterns,Erich Gamma et al.,coding,,5,2,academic,reference,,"Elements of reusable object-oriented software,a classic text on software architecture solutions.",https://www.amazon.com/Design-Patterns-Elements-Reusable-Object-Oriented/dp/0201633612,https://www.amazon.com/Design-Patterns-Elements-Reusable-Object-Oriented/dp/0201633612?tag=halchemylab-20,False,False,True
23,Sapiens: A Brief History of Humankind,Yuval Noah Harari,history,,2,5,story-driven,conceptual,Ancient,Explores how biology and history have defined us and enhanced our understanding of what it means to be human.,https://www.amazon.com/Sapiens-History-Humankind-Yuval-Noah-Harari/dp/0062316095,https://www.amazon.com/Sapiens-History-Humankind-Yuval-Noah-Harari/dp/0062316095?tag=halchemylab-20,True,True,True
24,Band of Brothers,Stephen E. Ambrose,history,WWII,2,5,narrative-history,narrative-history,1992,"The story of the men of Easy Company,506th Parachute Infantry Regiment,101st Airborne Division.",https://www.amazon.com/Band-Brothers-Regiment-Airborne-Normandy/dp/1501179403,https://www.amazon.com/Band-Brothers-Regiment-Airborne-Normandy/dp/1501179403?tag=halchemylab-20,True,True,False
25,Leaders Eat Last,Simon Sinek,business,leadership,2,4,story-driven,behavioral-skill,,"Why some teams pull together and others don't,focusing on creating a circle of safety.",https://www.amazon.com/Leaders-Eat-Last-Together-Others/dp/1591845327,https://www.amazon.com/Leaders-Eat-Last-Together-Others/dp/1591845327?tag=halchemylab-20,True,True,True
26,High Output Management,Andrew S. Grove,business,management,3,4,tactical/how-to,procedural-skill,,"A legendary guide to the art of managing a company,written by the former CEO of Intel.",https://www.amazon.com/High-Output-Management-Andrew-Grove/dp/0679762884,https://www.amazon.com/High-Output-Management-Andrew-Grove/dp/0679762884?tag=halchemylab-20,False,True,True
27,Kitchen Confidential,Anthony Bourdain,cooking,,2,5,story-driven,narrative-history,,"Adventures in the culinary underbelly,offering a raw look at the restaurant industry.",https://www.amazon.com/Kitchen-Confidential-Adventures-Culinary-Underbelly/dp/0060899220,https://www.amazon.com/Kitchen-Confidential-Adventures-Culinary-Underbelly/dp/0060899220?tag=halchemylab-20,True,True,False
28,Making of the Atomic Bomb,Richard Rhodes,history,WWII,4,4,narrative-history,narrative-history,1986,"The definitive history of nuclear weapons development,blending science and history.",https://www.amazon.com/Making-Atomic-Bomb-Richard-Rhodes/dp/1451677618,https://www.amazon.com/Making-Atomic-Bomb-Richard-Rhodes/dp/1451677618?tag=halchemylab-20,False,True,True
29,Refactoring,Martin Fowler,coding,,4,3,tactical/how-to,procedural-skill,,"Improving the design of existing code,a crucial skill for maintaining long-lived software projects.",https://www.amazon.com/Refactoring-Improving-Design-Existing-Code/dp/0134757599,https://www.amazon.com/Refactoring-Improving-Design-Existing-Code/dp/0134757599?tag=halchemylab-20,False,True,True
30,Extreme Ownership,Jocko Willink,business,leadership,2,4,tactical/how-to,behavioral-skill,,"How U.S. Navy SEALs lead and win,applying combat leadership principles to business.",https://www.amazon.com/Extreme-Ownership-U-S-Navy-SEALs/dp/1250067057,https://www.amazon.com/Extreme-Ownership-U-S-Navy-SEALs/dp/1250067057?tag=halchemylab-20,True,True,True
31,The Pragmatic Programmer,"David Thomas, Andrew Hunt",coding,career,3,5,tactical/how-to,conceptual,,Classic advice for software developers on career and craft.,https://www.amazon.com/Pragmatic-Programmer-Journeyman-Master/dp/020161622X,https://www.amazon.com/Pragmatic-Programmer-Journeyman-Master/dp/020161622X?tag=halchemylab-20,True,True,True
32,Code Complete,Steve McConnell,coding,engineering,4,4,reference,procedural-skill,,A massive guide to software construction best practices.,https://www.amazon.com/Code-Complete-Practical-Handbook-Construction/dp/0735619670,https://www.amazon.com/Code-Complete-Practical-Handbook-Construction/dp/0735619670?tag=halchemylab-20,False,True,True
33,Introduction to Algorithms,Thomas H. Cormen,coding,cs,5,2,academic,conceptual,,The standard textbook for algorithms and data structures.,https://www.amazon.com/Introduction-Algorithms-3rd-MIT-Press/dp/0262033844,https://www.amazon.com/Introduction-Algorithms-3rd-MIT-Press/dp/0262033844?tag=halchemylab-20,False,False,True
34,Head First Design Patterns,Eric Freeman,coding,design,2,5,tactical/how-to,conceptual,,"A visually rich,brain-friendly guide to design patterns.",https://www.amazon.com/Head-First-Design-Patterns-Brain-Friendly/dp/0596007124,https://www.amazon.com/Head-First-Design-Patterns-Brain-Friendly/dp/0596007124?tag=halchemylab-20,True,True,False
35,Soft Skills,John Sonmez,coding,career,2,5,story-driven,behavioral-skill,,A guide to the non-technical aspects of a software developer's life.,https://www.amazon.com/Soft-Skills-software-developers-manual/dp/1617292397,https://www.amazon.com/Soft-Skills-software-developers-manual/dp/1617292397?tag=halchemylab-20,True,True,False
36,Don't Make Me Think,Steve Krug,coding,design,1,5,tactical/how-to,conceptual,,The premier book on web usability and user experience.,https://www.amazon.com/Dont-Make-Me-Think-Usability/dp/0321965515,https://www.amazon.com/Dont-Make-Me-Think-Usability/dp/0321965515?tag=halchemylab-20,True,True,True
37,The Phoenix Project,Gene Kim,business,devops,2,5,story-driven,conceptual,,"A novel about IT,DevOps,and helping your business win.",https://www.amazon.com/Phoenix-Project-DevOps-Helping-Business/dp/0988262592,https://www.amazon.com/Phoenix-Project-DevOps-Helping-Business/dp/0988262592?tag=halchemylab-20,True,True,True
38,A Short History of Nearly Everything,Bill Bryson,science,general,2,5,narrative-history,conceptual,,A fascinating journey through the history of science and the universe.,https://www.amazon.com/Short-History-Nearly-Everything/dp/0767908171,https://www.amazon.com/Short-History-Nearly-Everything/dp/0767908171?tag=halchemylab-20,True,True,True
39,Cosmos,Carl Sagan,science,astronomy,3,5,narrative-history,conceptual,,Explores the 15-billion year evolution of cosmic matter into life and consciousness.,https://www.amazon.com/Cosmos-Carl-Sagan/dp/0345331354,https://www.amazon.com/Cosmos-Carl-Sagan/dp/0345331354?tag=halchemylab-20,True,True,True
40,The Selfish Gene,Richard Dawkins,science,biology,4,3,academic,conceptual,,Argues that genes are the primary units of selection in evolution.,https://www.amazon.com/Selfish-Gene-Anniversary-Landmark-Science/dp/0198788606,https://www.amazon.com/Selfish-Gene-Anniversary-Landmark-Science/dp/0198788606?tag=halchemylab-20,False,True,True
41,Astrophysics for People in a Hurry,Neil deGrasse Tyson,science,astronomy,2,5,tactical/how-to,conceptual,,"A quick,digestible guide to the essential concepts of astrophysics.",https://www.amazon.com/Astrophysics-People-Hurry-deGrasse-Tyson/dp/0393609391,https://www.amazon.com/Astrophysics-People-Hurry-deGrasse-Tyson/dp/0393609391?tag=halchemylab-20,True,True,False
42,How Not to Be Wrong,Jordan Ellenberg,science,math,3,4,story-driven,conceptual,,Shows how math touches everything we do and how to think more clearly.,https://www.amazon.com/How-Not-Be-Wrong-Mathematical/dp/0143127535,https://www.amazon.com/How-Not-Be-Wrong-Mathematical/dp/0143127535?tag=halchemylab-20,True,True,True
43,Brief Answers to the Big Questions,Stephen Hawking,science,physics,3,4,narrative-history,conceptual,,Hawking's final thoughts on the universe's biggest questions.,https://www.amazon.com/Brief-Answers-Big-Questions-Stephen/dp/1984819194,https://www.amazon.com/Brief-Answers-Big-Questions-Stephen/dp/1984819194?tag=halchemylab-20,True,True,True
44,1776,David McCullough,history,US,2,5,narrative-history,narrative-history,1776,The dramatic story of the year of America's birth.,https://www.amazon.com/1776-David-McCullough/dp/0743226712,https://www.amazon.com/1776-David-McCullough/dp/0743226712?tag=halchemylab-20,True,True,True
45,SPQR,Mary Beard,history,ancient,3,4,narrative-history,narrative-history,-44,A fresh look at the history of ancient Rome.,https://www.amazon.com/SPQR-History-Ancient-Mary-Beard/dp/0871404230,https://www.amazon.com/SPQR-History-Ancient-Mary-Beard/dp/0871404230?tag=halchemylab-20,False,True,True
46,Genghis Khan and the Making of the Modern World,Jack Weatherford,history,biography,2,5,narrative-history,narrative-history,1200,Revises our understanding of the Mongol Empire and its legacy.,https://www.amazon.com/Genghis-Khan-Making-Modern-World/dp/0609809644,https://www.amazon.com/Genghis-Khan-Making-Modern-World/dp/0609809644?tag=halchemylab-20,True,True,True
47,The Wright Brothers,David McCullough,history,biography,1,5,narrative-history,narrative-history,1900,The story of the brothers who taught the world how to fly.,https://www.amazon.com/Wright-Brothers-David-McCullough/dp/1476728755,https://www.amazon.com/Wright-Brothers-David-McCullough/dp/1476728755?tag=halchemylab-20,True,True,True
48,Devil in the White City,Erik Larson,history,narrative,2,5,narrative-history,narrative-history,1893,Intertwines the true tale of the 1893 World's Fair and a serial killer.,https://www.amazon.com/Devil-White-City-Madness-Changed/dp/0375725601,https://www.amazon.com/Devil-White-City-Madness-Changed/dp/0375725601?tag=halchemylab-20,True,True,True
49,Influence,Robert Cialdini,business,psychology,3,4,academic,conceptual,,The classic book on the psychology of persuasion.,https://www.amazon.com/Influence-Psychology-Persuasion-Robert-Cialdini/dp/006124189X,https://www.amazon.com/Influence-Psychology-Persuasion-Robert-Cialdini/dp/006124189X?tag=halchemylab-20,True,True,True
50,Good to Great,Jim Collins,business,management,3,4,academic,conceptual,,Why some companies make the leap to greatness and others don't.,https://www.amazon.com/Good-Great-Some-Companies-Others/dp/0066620996,https://www.amazon.com/Good-Great-Some-Companies-Others/dp/0066620996?tag=halchemylab-20,True,True,True
51,Start with Why,Simon Sinek,business,leadership,2,5,story-driven,conceptual,,How great leaders inspire everyone to take action.,https://www.amazon.com/Start-Why-Leaders-Inspire-Everyone/dp/1591846447,https://www.amazon.com/Start-Why-Leaders-Inspire-Everyone/dp/1591846447?tag=halchemylab-20,True,True,True
52,Rich Dad Poor Dad,Robert Kiyosaki,business,finance,1,5,story-driven,conceptual,,Advocates financial independence through investing and financial intelligence.,https://www.amazon.com/Rich-Dad-Poor-Teach-Middle/dp/1612680194,https://www.amazon.com/Rich-Dad-Poor-Teach-Middle/dp/1612680194?tag=halchemylab-20,True,True,False
53,The 4-Hour Workweek,Tim Ferriss,business,productivity,2,5,tactical/how-to,behavioral-skill,,A blueprint for escaping the rat race and living more.,https://www.amazon.com/4-Hour-Workweek-Escape-Live-Anywhere/dp/0307465357,https://www.amazon.com/4-Hour-Workweek-Escape-Live-Anywhere/dp/0307465357?tag=halchemylab-20,True,True,False
54,Outliers,Malcolm Gladwell,business,psychology,2,5,story-driven,conceptual,,Examines the factors that contribute to high levels of success.,https://www.amazon.com/Outliers-Story-Success-Malcolm-Gladwell/dp/0316017930,https://www.amazon.com/Outliers-Story-Success-Malcolm-Gladwell/dp/0316017930?tag=halchemylab-20,True,True,True
55,Freakonomics,Steven Levitt,business,economics,2,5,story-driven,conceptual,,Explores the hidden side of everything through economics.,https://www.amazon.com/Freakonomics-Economist-Explores-Hidden-Everything/dp/0060731338,https://www.amazon.com/Freakonomics-Economist-Explores-Hidden-Everything/dp/0060731338?tag=halchemylab-20,True,True,True
56,Mindset,Carol S. Dweck,business,psychology,2,5,academic,behavioral-skill,,The new psychology of success: fixed vs growth mindset.,https://www.amazon.com/Mindset-Psychology-Carol-S-Dweck/dp/0345472322,https://www.amazon.com/Mindset-Psychology-Carol-S-Dweck/dp/0345472322?tag=halchemylab-20,True,True,True
57,The Joy of Cooking,Irma S. Rombauer,cooking,general,2,4,reference,procedural-skill,,"The most popular American cookbook,a kitchen staple.",https://www.amazon.com/Joy-Cooking-Irma-S-Rombauer/dp/0743246268,https://www.amazon.com/Joy-Cooking-Irma-S-Rombauer/dp/0743246268?tag=halchemylab-20,True,True,True
58,Essentials of Classic Italian Cooking,Marcella Hazan,cooking,italian,3,4,reference,procedural-skill,,The bible of Italian cooking for home cooks.,https://www.amazon.com/Essentials-Classic-Italian-Cooking-Marcella/dp/039458404X,https://www.amazon.com/Essentials-Classic-Italian-Cooking-Marcella/dp/039458404X?tag=halchemylab-20,True,True,True
59,On Food and Cooking,Harold McGee,cooking,science,5,3,academic,reference,,The science and lore of the kitchen.,https://www.amazon.com/Food-Cooking-Science-Lore-Kitchen/dp/0684800012,https://www.amazon.com/Food-Cooking-Science-Lore-Kitchen/dp/0684800012?tag=halchemylab-20,False,False,True
60,Meditations,Marcus Aurelius,philosophy,stoicism,4,3,academic,conceptual,180,"Private notes of the Roman Emperor,a classic of Stoic philosophy.",https://www.amazon.com/Meditations-New-Translation-Marcus-Aurelius/dp/0812968255,https://www.amazon.com/Meditations-New-Translation-Marcus-Aurelius/dp/0812968255?tag=halchemylab-20,True,True,True
61,Man's Search for Meaning,Viktor Frankl,philosophy,psychology,2,5,narrative-history,conceptual,1946,Psychiatrist Viktor Frankl's memoir has riveted generations of readers with its descriptions of life in Nazi death camps and its lessons for spiritual survival.,https://www.amazon.com/Mans-Search-Meaning-Viktor-Frankl/dp/080701429X,https://www.amazon.com/Mans-Search-Meaning-Viktor-Frankl/dp/080701429X?tag=halchemylab-20,True,True,True
62,The Daily Stoic,Ryan Holiday,philosophy,stoicism,1,5,tactical/how-to,behavioral-skill,,"366 meditations on wisdom,perseverance,and the art of living.",https://www.amazon.com/Daily-Stoic-Meditations-Wisdom-Perseverance/dp/0735211736,https://www.amazon.com/Daily-Stoic-Meditations-Wisdom-Perseverance/dp/0735211736?tag=halchemylab-20,True,True,True
63,Range,David Epstein,business,psychology,2,4,story-driven,conceptual,,Why generalists triumph in a specialized world.,https://www.amazon.com/Range-Generalists-Triumph-Specialized-World/dp/0735214484,https://www.amazon.com/Range-Generalists-Triumph-Specialized-World/dp/0735214484?tag=halchemylab-20,True,True,True
64,Essentialism,Greg McKeown,productivity,,2,5,tactical/how-to,behavioral-skill,,"The disciplined pursuit of less,showing how to get the right things done.",https://www.amazon.com/Essentialism-Disciplined-Pursuit-Greg-McKeown/dp/0804137382,https://www.amazon.com/Essentialism-Disciplined-Pursuit-Greg-McKeown/dp/0804137382?tag=halchemylab-20,True,True,True
65,Quiet,Susan Cain,business,psychology,2,5,story-driven,conceptual,,The power of introverts in a world that can't stop talking.,https://www.amazon.com/Quiet-Power-Introverts-World-Talking/dp/0307352153,https://www.amazon.com/Quiet-Power-Introverts-World-Talking/dp/0307352153?tag=halchemylab-20,True,True,True
66,The Intelligent Investor,Benjamin Graham,business,finance,4,3,academic,conceptual,1949,The definitive book on value investing.,https://www.amazon.com/Intelligent-Investor-Definitive-Investing-Essentials/dp/0060555661,https://www.amazon.com/Intelligent-Investor-Definitive-Investing-Essentials/dp/0060555661?tag=halchemylab-20,False,True,True
67,Principles,Ray Dalio,business,management,3,4,tactical/how-to,conceptual,,Life and work principles from one of the world's most successful investors.,https://www.amazon.com/Principles-Life-Work-Ray-Dalio/dp/1501124021,https://www.amazon.com/Principles-Life-Work-Ray-Dalio/dp/1501124021?tag=halchemylab-20,False,True,True
68,Shoe Dog,Phil Knight,business,biography,1,5,narrative-history,conceptual,,A memoir by the creator of Nike.,https://www.amazon.com/Shoe-Dog-Memoir-Creator-Nike/dp/1501135910,https://www.amazon.com/Shoe-Dog-Memoir-Creator-Nike/dp/1501135910?tag=halchemylab-20,True,True,True
69,Thinking in Bets,Annie Duke,business,decision-making,2,4,story-driven,behavioral-skill,,Making smarter decisions when you don't have all the facts.,https://www.amazon.com/Thinking-Bets-Making-Smarter-Decisions/dp/0735216355,https://www.amazon.com/Thinking-Bets-Making-Smarter-Decisions/dp/0735216355?tag=halchemylab-20,True,True,True
70,Nudge,Richard Thaler,business,economics,3,4,academic,conceptual,,"Improving decisions about health,wealth,and happiness.",https://www.amazon.com/Nudge-Improving-Decisions-Health-Happiness/dp/014311526X,https://www.amazon.com/Nudge-Improving-Decisions-Health-Happiness/dp/014311526X?tag=halchemylab-20,True,True,True
71,Homo Deus,Yuval Noah Harari,history,future,3,4,academic,conceptual,,"A brief history of tomorrow,exploring the future of humanity.",https://www.amazon.com/Homo-Deus-Brief-History-Tomorrow/dp/0062464310,https://www.amazon.com/Homo-Deus-Brief-History-Tomorrow/dp/0062464310?tag=halchemylab-20,False,True,True
72,The Gene,Siddhartha Mukherjee,science,biology,3,5,narrative-history,conceptual,,An intimate history of the gene.,https://www.amazon.com/Gene-Intimate-History-Siddhartha-Mukherjee/dp/1476733503,https://www.amazon.com/Gene-Intimate-History-Siddhartha-Mukherjee/dp/1476733503?tag=halchemylab-20,True,True,True
73,Algorithms to Live By,Brian Christian,science,cs,2,4,story-driven,conceptual,,The computer science of human decisions.,https://www.amazon.com/Algorithms-Live-Computer-Science-Decisions/dp/1627790365,https://www.amazon.com/Algorithms-Live-Computer-Science-Decisions/dp/1627790365?tag=halchemylab-20,True,True,True
74,Structure and Interpretation of Computer Programs,Harold Abelson,coding,cs,5,1,academic,conceptual,,"The wizard book,a classic text on computer science fundamentals.",https://www.amazon.com/Structure-Interpretation-Computer-Programs-Engineering/dp/0262510871,https://www.amazon.com/Structure-Interpretation-Computer-Programs-Engineering/dp/0262510871?tag=halchemylab-20,False,False,True
75,The Mythical Man-Month,Frederick P. Brooks Jr.,coding,management,3,4,academic,conceptual,1975,Essays on software engineering and project management.,https://www.amazon.com/Mythical-Man-Month-Software-Engineering-Anniversary/dp/0201835959,https://www.amazon.com/Mythical-Man-Month-Software-Engineering-Anniversary/dp/0201835959?tag=halchemylab-20,False,True,True
76,Team of Rivals,Doris Kearns Goodwin,history,US,3,5,narrative-history,narrative-history,1860,The political genius of Abraham Lincoln.,https://www.amazon.com/Team-Rivals-Political-Abraham-Lincoln/dp/0684824906,https://www.amazon.com/Team-Rivals-Political-Abraham-Lincoln/dp/0684824906?tag=halchemylab-20,False,True,True
77,Alexander Hamilton,Ron Chernow,history,biography,3,5,narrative-history,narrative-history,1776,"The inspiration for the hit musical,a biography of the founding father.",https://www.amazon.com/Alexander-Hamilton-Ron-Chernow/dp/0143034758,https://www.amazon.com/Alexander-Hamilton-Ron-Chernow/dp/0143034758?tag=halchemylab-20,False,True,True
78,Endurance,Alfred Lansing,history,exploration,2,5,narrative-history,narrative-history,1914,Shackleton's incredible voyage to the Antarctic.,https://www.amazon.com/Endurance-Shackletons-Incredible-Voyage-Anniversary/dp/0465062881,https://www.amazon.com/Endurance-Shackletons-Incredible-Voyage-Anniversary/dp/0465062881?tag=halchemylab-20,True,True,True
79,A People's History of the United States,Howard Zinn,history,US,3,4,academic,narrative-history,,A history of the US from the perspective of the marginalized.,https://www.amazon.com/Peoples-History-United-States-Present/dp/0062397346,https://www.amazon.com/Peoples-History-United-States-Present/dp/0062397346?tag=halchemylab-20,True,True,True
80,Iron Curtain,Anne Applebaum,history,cold-war,3,4,narrative-history,narrative-history,1945,"The crushing of Eastern Europe,1944-1956.",https://www.amazon.com/Iron-Curtain-Crushing-Eastern-1944-1956/dp/140009593X,https://www.amazon.com/Iron-Curtain-Crushing-Eastern-1944-1956/dp/140009593X?tag=halchemylab-20,False,True,True
81,Ratio,Michael Ruhlman,cooking,science,3,4,reference,conceptual,,The simple codes behind the craft of everyday cooking.,https://www.amazon.com/Ratio-Simple-Behind-Everyday-Cooking/dp/1416571728,https://www.amazon.com/Ratio-Simple-Behind-Everyday-Cooking/dp/1416571728?tag=halchemylab-20,False,True,True
82,Flour Water Salt Yeast,Ken Forkish,cooking,baking,3,4,tactical/how-to,procedural-skill,,The fundamentals of artisan bread and pizza.,https://www.amazon.com/Flour-Water-Salt-Yeast-Fundamentals/dp/160774273X,https://www.amazon.com/Flour-Water-Salt-Yeast-Fundamentals/dp/160774273X?tag=halchemylab-20,False,True,True
83,The Art of Fermentation,Sandor Katz,cooking,technique,4,3,reference,procedural-skill,,An in-depth exploration of fermentation concepts and processes.,https://www.amazon.com/Art-Fermentation-Depth-Exploration-Essential/dp/160358286X,https://www.amazon.com/Art-Fermentation-Depth-Exploration-Essential/dp/160358286X?tag=halchemylab-20,False,True,True
84,You Don't Know JS,Kyle Simpson,coding,web-dev,4,3,academic,conceptual,,A deep dive into the core mechanisms of the JavaScript language.,https://www.amazon.com/You-Dont-Know-JS-Up/dp/1491924462,https://www.amazon.com/You-Dont-Know-JS-Up/dp/1491924462?tag=halchemylab-20,False,True,True
85,Designing Data-Intensive Applications,Martin Kleppmann,coding,engineering,5,3,academic,conceptual,,"The big ideas behind reliable,scalable,and maintainable systems.",https://www.amazon.com/Designing-Data-Intensive-Applications-Reliable-Maintainable/dp/1449373321,https://www.amazon.com/Designing-Data-Intensive-Applications-Reliable-Maintainable/dp/1449373321?tag=halchemylab-20,False,False,True
86,Cracking the Coding Interview,Gayle Laakmann McDowell,coding,career,3,3,tactical/how-to,procedural-skill,,189 programming questions and solutions.,https://www.amazon.com/Cracking-Coding-Interview-Programming-Questions/dp/0984782850,https://www.amazon.com/Cracking-Coding-Interview-Programming-Questions/dp/0984782850?tag=halchemylab-20,True,True,True
87,Refactoring UI,Adam Wathan,coding,design,2,5,tactical/how-to,procedural-skill,,Learn how to design beautiful user interfaces by yourself.,https://www.refactoringui.com/,TODO_REPLACE_WITH_REAL_AFFILIATE,True,True,True
88,Effective Java,Joshua Bloch,coding,java,4,3,academic,procedural-skill,,The definitive guide to Java programming best practices.,https://www.amazon.com/Effective-Java-3rd-Joshua-Bloch/dp/0134685997,https://www.amazon.com/Effective-Java-3rd-Joshua-Bloch/dp/0134685997?tag=halchemylab-20,False,True,True
89,Grokking Algorithms,Aditya Bhargava,coding,cs,1,5,tactical/how-to,conceptual,,An illustrated guide for programmers and other curious people.,https://www.amazon.com/Grokking-Algorithms-illustrated-programmers-curious/dp/1617292230,https://www.amazon.com/Grokking-Algorithms-illustrated-programmers-curious/dp/1617292230?tag=halchemylab-20,True,False,False
90,Working Effectively with Legacy Code,Michael Feathers,coding,engineering,4,3,tactical/how-to,procedural-skill,,"Strategies for dealing with large,untested legacy codebases.",https://www.amazon.com/Working-Effectively-Legacy-Michael-Feathers/dp/0131177052,https://www.amazon.com/Working-Effectively-Legacy-Michael-Feathers/dp/0131177052?tag=halchemylab-20,False,True,True
91,Thinking in Systems,Donella Meadows,business,systems,3,4,academic,conceptual,,A primer on systems thinking.,https://www.amazon.com/Thinking-Systems-Donella-H-Meadows/dp/1603580557,https://www.amazon.com/Thinking-Systems-Donella-H-Meadows/dp/1603580557?tag=halchemylab-20,True,True,True
92,The Design of Everyday Things,Don Norman,design,ux,2,5,academic,conceptual,,The fundamental principles of usability.,https://www.amazon.com/Design-Everyday-Things-Revised-Expanded/dp/0465050654,https://www.amazon.com/Design-Everyday-Things-Revised-Expanded/dp/0465050654?tag=halchemylab-20,True,True,True
93,Hooked,Nir Eyal,business,product,2,5,tactical/how-to,behavioral-skill,,How to build habit-forming products.,https://www.amazon.com/Hooked-How-Build-Habit-Forming-Products/dp/1591847788,https://www.amazon.com/Hooked-How-Build-Habit-Forming-Products/dp/1591847788?tag=halchemylab-20,True,True,False
94,The Lean Product Playbook,Dan Olsen,business,product,3,4,tactical/how-to,procedural-skill,,A practical guide to building products customers love.,https://www.amazon.com/Lean-Product-Playbook-Innovate-Products/dp/1118960874,https://www.amazon.com/Lean-Product-Playbook-Innovate-Products/dp/1118960874?tag=halchemylab-20,False,True,True
95,Measure What Matters,John Doerr,business,management,2,4,story-driven,conceptual,,"How Google,Bono,and the Gates Foundation rock the world with OKRs.",https://www.amazon.com/Measure-What-Matters-Google-Foundation/dp/0525536221,https://www.amazon.com/Measure-What-Matters-Google-Foundation/dp/0525536221?tag=halchemylab-20,True,True,True
96,Inspired,Marty Cagan,business,product,3,4,tactical/how-to,conceptual,,How to create tech products customers love.,https://www.amazon.com/INSPIRED-Create-Tech-Products-Customers/dp/1119387507,https://www.amazon.com/INSPIRED-Create-Tech-Products-Customers/dp/1119387507?tag=halchemylab-20,False,True,True
97,"Creativity, Inc.",Ed Catmull,business,leadership,2,5,story-driven,behavioral-skill,,Overcoming the unseen forces that stand in the way of true inspiration.,https://www.amazon.com/Creativity-Inc-Overcoming-Unseen-Inspiration/dp/0812993012,https://www.amazon.com/Creativity-Inc-Overcoming-Unseen-Inspiration/dp/0812993012?tag=halchemylab-20,True,True,True
98,Predictably Irrational,Dan Ariely,business,psychology,2,5,story-driven,conceptual,,The hidden forces that shape our decisions.,https://www.amazon.com/Predictably-Irrational-Revised-Expanded-Decisions/dp/0061353248,https://www.amazon.com/Predictably-Irrational-Revised-Expanded-Decisions/dp/0061353248?tag=halchemylab-20,True,True,True
99,21 Lessons for the 21st Century,Yuval Noah Harari,history,future,3,4,academic,conceptual,,A probing investigation into today's most urgent issues.,https://www.amazon.com/Lessons-21st-Century-Yuval-Harari/dp/0525512179,https://www.amazon.com/Lessons-21st-Century-Yuval-Harari/dp/0525512179?tag=halchemylab-20,True,True,True
100,The Mom Test,Rob Fitzpatrick,business,startup,1,5,tactical/how-to,behavioral-skill,,How to talk to customers & learn if your business is a good idea.,https://www.amazon.com/Mom-Test-customers-business-everyone/dp/1492180742,https://www.amazon.com/Mom-Test-customers-business-everyone/dp/1492180742?tag=halchemylab-20,True,True,False
101,Crossing the Chasm,Geoffrey Moore,business,marketing,3,3,academic,conceptual,,Marketing and selling disruptive products to mainstream customers.,https://www.amazon.com/Crossing-Chasm-3rd-Disruptive-Mainstream/dp/0062292986,https://www.amazon.com/Crossing-Chasm-3rd-Disruptive-Mainstream/dp/0062292986?tag=halchemylab-20,False,True,True
102,Blue Ocean Strategy,W. Chan Kim,business,strategy,3,3,academic,conceptual,,How to create uncontested market space and make the competition irrelevant.,https://www.amazon.com/Blue-Ocean-Strategy-Expanded-Uncontested/dp/1625274491,https://www.amazon.com/Blue-Ocean-Strategy-Expanded-Uncontested/dp/1625274491?tag=halchemylab-20,False,True,True
103,Building a StoryBrand,Donald Miller,business,marketing,2,5,tactical/how-to,procedural-skill,,Clarify your message so customers will listen.,https://www.amazon.com/Building-StoryBrand-Clarify-Message-Customers/dp/0718033329,https://www.amazon.com/Building-StoryBrand-Clarify-Message-Customers/dp/0718033329?tag=halchemylab-20,True,True,False
104,Contagious,Jonah Berger,business,marketing,2,5,story-driven,conceptual,,Why things catch on.,https://www.amazon.com/Contagious-Things-Catch-Jonah-Berger/dp/1451686579,https://www.amazon.com/Contagious-Things-Catch-Jonah-Berger/dp/1451686579?tag=halchemylab-20,True,True,True
105,Made to Stick,Chip Heath,business,marketing,2,5,story-driven,conceptual,,Why some ideas survive and others die.,https://www.amazon.com/Made-Stick-Ideas-Survive-Others/dp/1400064287,https://www.amazon.com/Made-Stick-Ideas-Survive-Others/dp/1400064287?tag=halchemylab-20,True,True,True
106,Permanent Record,Edward Snowden,history,biography,2,5,narrative-history,narrative-history,2013,Snowden's memoir of his life and his whistleblowing.,https://www.amazon.com/Permanent-Record-Edward-Snowden/dp/1250237238,https://www.amazon.com/Permanent-Record-Edward-Snowden/dp/1250237238?tag=halchemylab-20,True,True,True
107,Steve Jobs,Walter Isaacson,history,biography,2,5,narrative-history,narrative-history,2011,The exclusive biography of the Apple co-founder.,https://www.amazon.com/Steve-Jobs-Walter-Isaacson/dp/1451648537,https://www.amazon.com/Steve-Jobs-Walter-Isaacson/dp/1451648537?tag=halchemylab-20,True,True,True
108,Elon Musk,Walter Isaacson,history,biography,2,5,narrative-history,narrative-history,2023,Biography of the tech mogul.,https://www.amazon.com/Elon-Musk-Walter-Isaacson/dp/1982181281,https://www.amazon.com/Elon-Musk-Walter-Isaacson/dp/1982181281?tag=halchemylab-20,True,True,True
109,Leonardo da Vinci,Walter Isaacson,history,biography,3,4,narrative-history,narrative-history,1500,Biography of the Renaissance polymath.,https://www.amazon.com/Leonardo-Vinci-Walter-Isaacson/dp/1501139156,https://www.amazon.com/Leonardo-Vinci-Walter-Isaacson/dp/1501139156?tag=halchemylab-20,False,True,True
110,Benjamin Franklin: An American Life,Walter Isaacson,history,biography,3,4,narrative-history,narrative-history,1750,Biography of the Founding Father.,https://www.amazon.com/Benjamin-Franklin-American-Walter-Isaacson/dp/074325807X,https://www.amazon.com/Benjamin-Franklin-American-Walter-Isaacson/dp/074325807X?tag=halchemylab-20,False,True,True
111,Einstein: His Life and Universe,Walter Isaacson,history,biography,3,4,narrative-history,narrative-history,1920,Biography of the theoretical physicist.,https://www.amazon.com/Einstein-Life-Universe-Walter-Isaacson/dp/0743264738,https://www.amazon.com/Einstein-Life-Universe-Walter-Isaacson/dp/0743264738?tag=halchemylab-20,False,True,True
112,"Surely You're Joking, Mr. Feynman!",Richard Feynman,science,biography,1,5,story-driven,conceptual,,Adventures of a curious character.,https://www.amazon.com/Surely-Feynman-Adventures-Curious-Character/dp/0393316041,https://www.amazon.com/Surely-Feynman-Adventures-Curious-Character/dp/0393316041?tag=halchemylab-20,True,True,True
113,What If?,Randall Munroe,science,general,1,5,tactical/how-to,conceptual,,Serious scientific answers to absurd hypothetical questions.,https://www.amazon.com/What-If-Scientific-Hypothetical-Questions/dp/0544272994,https://www.amazon.com/What-If-Scientific-Hypothetical-Questions/dp/0544272994?tag=halchemylab-20,True,True,True
114,The Code Book,Simon Singh,history,cryptography,3,4,narrative-history,conceptual,,The science of secrecy from ancient Egypt to quantum cryptography.,https://www.amazon.com/Code-Book-Science-Secrecy-Cryptography/dp/0385495323,https://www.amazon.com/Code-Book-Science-Secrecy-Cryptography/dp/0385495323?tag=halchemylab-20,True,True,True
115,Ghost in the Wires,Kevin Mitnick,coding,security,2,5,story-driven,narrative-history,,My adventures as the world's most wanted hacker.,https://www.amazon.com/Ghost-Wires-Adventures-Worlds-Wanted/dp/0316037702,https://www.amazon.com/Ghost-Wires-Adventures-Worlds-Wanted/dp/0316037702?tag=halchemylab-20,True,True,True
116,Countdown to Zero Day,Kim Zetter,coding,security,3,4,narrative-history,narrative-history,,Stuxnet and the launch of the world's first digital weapon.,https://www.amazon.com/Countdown-Zero-Day-Stuxnet-Digital/dp/077043617X,https://www.amazon.com/Countdown-Zero-Day-Stuxnet-Digital/dp/077043617X?tag=halchemylab-20,False,True,True
117,Sandworm,Andy Greenberg,coding,security,3,4,narrative-history,narrative-history,,A new era of cyberwar and the hunt for the Kremlin's most dangerous hackers.,https://www.amazon.com/Sandworm-Cyberwar-Kremlins-Dangerous-Hackers/dp/0385544405,https://www.amazon.com/Sandworm-Cyberwar-Kremlins-Dangerous-Hackers/dp/0385544405?tag=halchemylab-20,False,True,True
118,The Cuckoo's Egg,Clifford Stoll,coding,security,2,5,story-driven,narrative-history,,Tracking a spy through the maze of computer espionage.,https://www.amazon.com/Cuckoos-Egg-Tracking-Computer-Espionage/dp/074321143X,https://www.amazon.com/Cuckoos-Egg-Tracking-Computer-Espionage/dp/074321143X?tag=halchemylab-20,True,True,True
119,Hackers: Heroes of the Computer Revolution,Steven Levy,coding,history,2,4,narrative-history,narrative-history,,The story of the people who created the computer revolution.,https://www.amazon.com/Hackers-Heroes-Computer-Revolution-Anniversary/dp/1449388396,https://www.amazon.com/Hackers-Heroes-Computer-Revolution-Anniversary/dp/1449388396?tag=halchemylab-20,True,True,True
120,Masters of Doom,David Kushner,coding,history,1,5,narrative-history,narrative-history,,How two guys created an empire and transformed pop culture.,https://www.amazon.com/Masters-Doom-Created-Transformed-Culture/dp/0812972155,https://www.amazon.com/Masters-Doom-Created-Transformed-Culture/dp/0812972155?tag=halchemylab-20,True,True,True
121,The Innovator's Dilemma,Clayton Christensen,business,innovation,4,3,academic,conceptual,,When new technologies cause great firms to fail.,https://www.amazon.com/Innovators-Dilemma-Technologies-Management-Innovation/dp/1633691780,https://www.amazon.com/Innovators-Dilemma-Technologies-Management-Innovation/dp/1633691780?tag=halchemylab-20,False,True,True
122,Dare to Lead,Brené Brown,business,leadership,2,5,story-driven,behavioral-skill,,"Brave work,tough conversations,and whole hearts.",https://www.amazon.com/Dare-Lead-Brave-Conversations-Hearts/dp/0399592520,https://www.amazon.com/Dare-Lead-Brave-Conversations-Hearts/dp/0399592520?tag=halchemylab-20,True,True,True
123,The Silk Roads,Peter Frankopan,history,world,3,4,narrative-history,narrative-history,,A new history of the world.,https://www.amazon.com/Silk-Roads-New-History-World/dp/1101912375,https://www.amazon.com/Silk-Roads-New-History-World/dp/1101912375?tag=halchemylab-20,False,True,True
124,Silent Spring,Rachel Carson,science,ecology,3,5,narrative-history,conceptual,,The book that launched the environmental movement.,https://www.amazon.com/Silent-Spring-Rachel-Carson/dp/0618249060,https://www.amazon.com/Silent-Spring-Rachel-Carson/dp/0618249060?tag=halchemylab-20,True,True,True
125,The Elegant Universe,Brian Greene,science,physics,4,4,academic,conceptual,,"Superstrings,hidden dimensions,and the quest for the ultimate theory.",https://www.amazon.com/Elegant-Universe-Superstrings-Dimensions-Ultimate/dp/039333810X,https://www.amazon.com/Elegant-Universe-Superstrings-Dimensions-Ultimate/dp/039333810X?tag=halchemylab-20,False,True,True
126,The Republic,Plato,philosophy,classics,5,2,academic,conceptual,-375,The foundational text of Western political philosophy.,https://www.amazon.com/Republic-Plato/dp/0140455116,https://www.amazon.com/Republic-Plato/dp/0140455116?tag=halchemylab-20,False,False,True
127,Nicomachean Ethics,Aristotle,philosophy,classics,5,2,academic,conceptual,-340,Aristotle's most important study of personal morality and the ends of human life.,https://www.amazon.com/Nicomachean-Ethics-Aristotle/dp/0140449493,https://www.amazon.com/Nicomachean-Ethics-Aristotle/dp/0140449493?tag=halchemylab-20,False,False,True
128,Clean Architecture,Robert C. Martin,coding,engineering,4,3,academic,conceptual,,A craftsman's guide to software structure and design.,https://www.amazon.com/Clean-Architecture-Craftsmans-Software-Structure/dp/0134494164,https://www.amazon.com/Clean-Architecture-Craftsmans-Software-Structure/dp/0134494164?tag=halchemylab-20,False,True,True
129,The Art of Computer Programming,Donald Knuth,coding,cs,5,1,academic,conceptual,,The comprehensive monograph on computer programming algorithms.,https://www.amazon.com/Art-Computer-Programming-Vol-Fundamental/dp/0201896834,https://www.amazon.com/Art-Computer-Programming-Vol-Fundamental/dp/0201896834?tag=halchemylab-20,False,False,True
130,The Man Who Mistook His Wife for a Hat,Oliver Sacks,science,psychology,2,5,story-driven,conceptual,,Clinical tales from the world of neurological disorders.,https://www.amazon.com/Man-Who-Mistook-His-Wife/dp/0743287296,https://www.amazon.com/Man-Who-Mistook-His-Wife/dp/0743287296?tag=halchemylab-20,True,True,True
131,Blink,Malcolm Gladwell,business,psychology,2,5,story-driven,conceptual,,The power of thinking without thinking.,https://www.amazon.com/Blink-Power-Thinking-Without/dp/0316010669,https://www.amazon.com/Blink-Power-Thinking-Without/dp/0316010669?tag=halchemylab-20,True,True,True
132,Factfulness,Hans Rosling,science,general,2,5,story-driven,conceptual,,Ten reasons we're wrong about the world--and why things are better than you think.,https://www.amazon.com/Factfulness-Reasons-World-Things-Better/dp/1250107814,https://www.amazon.com/Factfulness-Reasons-World-Things-Better/dp/1250107814?tag=halchemylab-20,True,True,True
133,Why We Sleep,Matthew Walker,science,health,2,5,academic,conceptual,,Unlocking the power of sleep and dreams.,https://www.amazon.com/Why-We-Sleep-Unlocking-Dreams/dp/1501144316,https://www.amazon.com/Why-We-Sleep-Unlocking-Dreams/dp/1501144316?tag=halchemylab-20,True,True,True
134,Bad Blood,John Carreyrou,business,narrative,1,5,narrative-history,narrative-history,,Secrets and lies in a Silicon Valley startup.,https://www.amazon.com/Bad-Blood-Secrets-Silicon-Valley/dp/152473165X,https://www.amazon.com/Bad-Blood-Secrets-Silicon-Valley/dp/152473165X?tag=halchemylab-20,True,True,True
135,The Signal and the Noise,Nate Silver,science,stats,3,4,academic,conceptual,,Why so many predictions fail-but some don't.,https://www.amazon.com/Signal-Noise-Many-Predictions-Fail-but/dp/0143125087,https://www.amazon.com/Signal-Noise-Many-Predictions-Fail-but/dp/0143125087?tag=halchemylab-20,False,True,True
136,Superintelligence,Nick Bostrom,science,AI,4,3,academic,conceptual,,"Paths,dangers,strategies of artificial intelligence.",https://www.amazon.com/Superintelligence-Dangers-Strategies-Nick-Bostrom/dp/0199678111,https://www.amazon.com/Superintelligence-Dangers-Strategies-Nick-Bostrom/dp/0199678111?tag=halchemylab-20,False,True,True
137,Life 3.0,Max Tegmark,science,AI,3,4,academic,conceptual,,Being human in the age of artificial intelligence.,https://www.amazon.com/Life-3-0-Being-Artificial-Intelligence/dp/1101946598,https://www.amazon.com/Life-3-0-Being-Artificial-Intelligence/dp/1101946598?tag=halchemylab-20,False,True,True
138,Never Split the Difference,Chris Voss,business,negotiation,2,5,tactical/how-to,behavioral-skill,,Negotiating as if your life depended on it.,https://www.amazon.com/Never-Split-Difference-Negotiating-Depended/dp/0062407805,https://www.amazon.com/Never-Split-Difference-Negotiating-Depended/dp/0062407805?tag=halchemylab-20,True,True,True
139,Getting to Yes,Roger Fisher,business,negotiation,2,5,tactical/how-to,behavioral-skill,,Negotiating agreement without giving in.,https://www.amazon.com/Getting-Yes-Negotiating-Agreement-Without/dp/0140157352,https://www.amazon.com/Getting-Yes-Negotiating-Agreement-Without/dp/0140157352?tag=halchemylab-20,True,True,True
140,Crucial Conversations,Kerry Patterson,business,communication,2,5,tactical/how-to,behavioral-skill,,Tools for talking when stakes are high.,https://www.amazon.com/Crucial-Conversations-Talking-Stakes-High/dp/0071401946,https://www.amazon.com/Crucial-Conversations-Talking-Stakes-High/dp/0071401946?tag=halchemylab-20,True,True,True
141,Radical Candor,Kim Scott,business,management,2,5,story-driven,behavioral-skill,,Be a kick-ass boss without losing your humanity.,https://www.amazon.com/Radical-Candor-Kick-Ass-Without-Humanity/dp/1250103509,https://www.amazon.com/Radical-Candor-Kick-Ass-Without-Humanity/dp/1250103509?tag=halchemylab-20,True,True,True
142,The Hard Thing About Hard Things,Ben Horowitz,business,management,3,4,story-driven,conceptual,,Building a business when there are no easy answers.,https://www.amazon.com/Hard-Thing-About-Things-Building/dp/0062273205,https://www.amazon.com/Hard-Thing-About-Things-Building/dp/0062273205?tag=halchemylab-20,False,True,True
143,The E-Myth Revisited,Michael Gerber,business,entrepreneurship,2,5,story-driven,conceptual,,Why most small businesses don't work and what to do about it.,https://www.amazon.com/Myth-Revisited-Small-Businesses-About/dp/0887307280,https://www.amazon.com/Myth-Revisited-Small-Businesses-About/dp/0887307280?tag=halchemylab-20,True,True,True
144,Built to Last,Jim Collins,business,management,3,4,academic,conceptual,,Successful habits of visionary companies.,https://www.amazon.com/Built-Last-Successful-Visionary-Companies/dp/0060516402,https://www.amazon.com/Built-Last-Successful-Visionary-Companies/dp/0060516402?tag=halchemylab-20,False,True,True
145,Originals,Adam Grant,business,psychology,2,5,story-driven,conceptual,,How non-conformists move the world.,https://www.amazon.com/Originals-How-Non-Conformists-Move-World/dp/0525429565,https://www.amazon.com/Originals-How-Non-Conformists-Move-World/dp/0525429565?tag=halchemylab-20,True,True,True
146,Flow,Mihaly Csikszentmihalyi,psychology,productivity,3,4,academic,conceptual,,The psychology of optimal experience.,https://www.amazon.com/Flow-Psychology-Experience-Perennial-Classics/dp/0061339202,https://www.amazon.com/Flow-Psychology-Experience-Perennial-Classics/dp/0061339202?tag=halchemylab-20,False,True,True
147,Grit,Angela Duckworth,psychology,success,2,5,story-driven,behavioral-skill,,The power of passion and perseverance.,https://www.amazon.com/Grit-Power-Passion-Perseverance-Angela/dp/1501111108,https://www.amazon.com/Grit-Power-Passion-Perseverance-Angela/dp/1501111108?tag=halchemylab-20,True,True,True
148,Peak,Anders Ericsson,psychology,skill,3,4,academic,conceptual,,Secrets from the new science of expertise.,https://www.amazon.com/Peak-Secrets-New-Science-Expertise/dp/0544456238,https://www.amazon.com/Peak-Secrets-New-Science-Expertise/dp/0544456238?tag=halchemylab-20,False,True,True
149,Digital Minimalism,Cal Newport,productivity,technology,2,5,tactical/how-to,behavioral-skill,,Choosing a focused life in a noisy world.,https://www.amazon.com/Digital-Minimalism-Choosing-Focused-Noisy/dp/0525536515,https://www.amazon.com/Digital-Minimalism-Choosing-Focused-Noisy/dp/0525536515?tag=halchemylab-20,True,True,True
150,The 7 Habits of Highly Effective People,Stephen Covey,business,productivity,2,5,tactical/how-to,behavioral-skill,,Powerful lessons in personal change.,https://www.amazon.com/Habits-Highly-Effective-People-Powerful/dp/0743269519,https://www.amazon.com/Habits-Highly-Effective-People-Powerful/dp/0743269519?tag=halchemylab-20,True,True,True
151,Code: The Hidden Language of Computer Hardware and Software,Charles Petzold,coding,cs,3,5,narrative-history,conceptual,,"A classic exploration of how computers work,from relays to machine code.",https://www.amazon.com/Code-Language-Computer-Hardware-Software/dp/0735611319,https://www.amazon.com/Code-Language-Computer-Hardware-Software/dp/0735611319?tag=halchemylab-20,True,True,True
152,The Body Keeps the Score,Bessel van der Kolk,science,psychology,3,4,academic,conceptual,,Transforms our understanding of trauma and recovery.,https://www.amazon.com/Body-Keeps-Score-Healing-Trauma/dp/0143127748,https://www.amazon.com/Body-Keeps-Score-Healing-Trauma/dp/0143127748?tag=halchemylab-20,False,True,True
153,The Power Broker,Robert Caro,history,biography,4,5,narrative-history,narrative-history,1974,"The Pulitzer Prize-winning biography of Robert Moses,the man who built New York.",https://www.amazon.com/Power-Broker-Robert-Moses-Fall/dp/0394720245,https://www.amazon.com/Power-Broker-Robert-Moses-Fall/dp/0394720245?tag=halchemylab-20,False,True,True
154,Enlightenment Now,Steven Pinker,history,general,3,4,academic,conceptual,,"The case for reason,science,humanism,and progress.",https://www.amazon.com/Enlightenment-Now-Science-Humanism-Progress/dp/0525427570,https://www.amazon.com/Enlightenment-Now-Science-Humanism-Progress/dp/0525427570?tag=halchemylab-20,False,True,True
155,The Fifth Discipline,Peter Senge,business,management,3,4,academic,conceptual,,The art and practice of the learning organization.,https://www.amazon.com/Fifth-Discipline-Practice-Learning-Organization/dp/0385517254,https://www.amazon.com/Fifth-Discipline-Practice-Learning-Organization/dp/0385517254?tag=halchemylab-20,False,True,True
156,Deep Learning,Ian Goodfellow,science,AI,5,2,academic,conceptual,,"The bible of deep learning,covering mathematical and conceptual foundations.",https://www.amazon.com/Deep-Learning-Adaptive-Computation-Machine/dp/0262035618,https://www.amazon.com/Deep-Learning-Adaptive-Computation-Machine/dp/0262035618?tag=halchemylab-20,False,False,True
157,Artificial Intelligence: A Modern Approach,"Stuart Russell, Peter Norvig",science,AI,5,2,academic,reference,,The standard textbook for artificial intelligence.,https://www.amazon.com/Artificial-Intelligence-A-Modern-Approach/dp/0136042597,https://www.amazon.com/Artificial-Intelligence-A-Modern-Approach/dp/0136042597?tag=halchemylab-20,False,False,True
158,Pattern Recognition and Machine Learning,Christopher Bishop,science,AI,5,2,academic,reference,,Comprehensive coverage of machine learning patterns and algorithms.,https://www.amazon.com/Pattern-Recognition-Learning-Information-Statistics/dp/0387310738,https://www.amazon.com/Pattern-Recognition-Learning-Information-Statistics/dp/0387310738?tag=halchemylab-20,False,False,True
159,The C Programming Language,"Brian Kernighan, Dennis Ritchie",coding,c,4,3,academic,reference,1978,The authoritative guide to the C language by its creators.,https://www.amazon.com/Programming-Language-2nd-Brian-Kernighan/dp/0131103628,https://www.amazon.com/Programming-Language-2nd-Brian-Kernighan/dp/0131103628?tag=halchemylab-20,False,True,True
160,Practical Object-Oriented Design,Sandi Metz,coding,design,3,5,tactical/how-to,conceptual,,An agile primer on building object-oriented applications that are easy to change.,https://www.amazon.com/Practical-Object-Oriented-Design-Agile-Primer/dp/0134456475,https://www.amazon.com/Practical-Object-Oriented-Design-Agile-Primer/dp/0134456475?tag=halchemylab-20,True,True,True
161,Domain-Driven Design,Eric Evans,coding,architecture,5,2,academic,conceptual,,Tackling complexity in the heart of software.,https://www.amazon.com/Domain-Driven-Design-Tackling-Complexity-Software/dp/0321125215,https://www.amazon.com/Domain-Driven-Design-Tackling-Complexity-Software/dp/0321125215?tag=halchemylab-20,False,False,True
162,Building Microservices,Sam Newman,coding,architecture,3,4,tactical/how-to,procedural-skill,,Designing fine-grained systems.,https://www.amazon.com/Building-Microservices-Designing-Fine-Grained-Systems/dp/1492034029,https://www.amazon.com/Building-Microservices-Designing-Fine-Grained-Systems/dp/1492034029?tag=halchemylab-20,False,True,True
163,The DevOps Handbook,Gene Kim et al.,business,devops,3,4,tactical/how-to,conceptual,,"How to create world-class agility,reliability,and security in technology organizations.",https://www.amazon.com/DevOps-Handbook-World-Class-Reliability-Organizations/dp/1942788002,https://www.amazon.com/DevOps-Handbook-World-Class-Reliability-Organizations/dp/1942788002?tag=halchemylab-20,False,True,True
164,Accelerate,Nicole Forsgren,business,devops,3,4,academic,conceptual,,The science of lean software and devops: building and scaling high performing technology organizations.,https://www.amazon.com/Accelerate-Software-Performing-Technology-Organizations/dp/1942788339,https://www.amazon.com/Accelerate-Software-Performing-Technology-Organizations/dp/1942788339?tag=halchemylab-20,False,True,True
165,Site Reliability Engineering,Google,coding,engineering,4,3,tactical/how-to,procedural-skill,,How Google runs production systems.,https://www.amazon.com/Site-Reliability-Engineering-Production-Systems/dp/149192912X,https://www.amazon.com/Site-Reliability-Engineering-Production-Systems/dp/149192912X?tag=halchemylab-20,False,True,True
166,Sprint,Jake Knapp,business,product,2,5,tactical/how-to,procedural-skill,,How to solve big problems and test new ideas in just five days.,https://www.amazon.com/Sprint-Solve-Problems-Test-Ideas/dp/150114267X,https://www.amazon.com/Sprint-Solve-Problems-Test-Ideas/dp/150114267X?tag=halchemylab-20,True,True,True
167,The Art of War,Sun Tzu,philosophy,strategy,2,4,academic,conceptual,-500,Ancient Chinese military treatise attributed to Sun Tzu.,https://www.amazon.com/Art-War-Sun-Tzu/dp/1590302257,https://www.amazon.com/Art-War-Sun-Tzu/dp/1590302257?tag=halchemylab-20,True,True,True
168,The Prince,Niccolò Machiavelli,philosophy,politics,3,3,academic,conceptual,1532,A 16th-century political treatise on how to acquire and maintain political power.,https://www.amazon.com/Prince-Niccolo-Machiavelli/dp/0553212788,https://www.amazon.com/Prince-Niccolo-Machiavelli/dp/0553212788?tag=halchemylab-20,False,True,True
169,Tao Te Ching,Lao Tzu,philosophy,eastern,2,4,academic,conceptual,-400,The fundamental text for both philosophical and religious Taoism.,https://www.amazon.com/Tao-Te-Ching-Laozi/dp/0060812451,https://www.amazon.com/Tao-Te-Ching-Laozi/dp/0060812451?tag=halchemylab-20,True,True,True
170,Zen and the Art of Motorcycle Maintenance,Robert Pirsig,philosophy,narrative,3,4,story-driven,conceptual,,"An inquiry into values,exploring the metaphysics of quality.",https://www.amazon.com/Zen-Art-Motorcycle-Maintenance-Inquiry/dp/0060589469,https://www.amazon.com/Zen-Art-Motorcycle-Maintenance-Inquiry/dp/0060589469?tag=halchemylab-20,False,True,True
171,A Brief History of Time,Stephen Hawking,science,physics,3,4,academic,conceptual,,From the Big Bang to Black Holes.,https://www.amazon.com/Brief-History-Time-Stephen-Hawking/dp/0553380168,https://www.amazon.com/Brief-History-Time-Stephen-Hawking/dp/0553380168?tag=halchemylab-20,False,True,True
172,The Black Swan,Nassim Nicholas Taleb,business,economics,4,3,story-driven,conceptual,,The impact of the highly improbable.,https://www.amazon.com/Black-Swan-Improbable-Incerto/dp/081297381X,https://www.amazon.com/Black-Swan-Improbable-Incerto/dp/081297381X?tag=halchemylab-20,False,True,True
173,Antifragile,Nassim Nicholas Taleb,business,philosophy,4,3,academic,conceptual,,Things that gain from disorder.,https://www.amazon.com/Antifragile-Things-That-Gain-Disorder/dp/0812979680,https://www.amazon.com/Antifragile-Things-That-Gain-Disorder/dp/0812979680?tag=halchemylab-20,False,True,True
174,Skin in the Game,Nassim Nicholas Taleb,business,philosophy,3,4,academic,conceptual,,Hidden asymmetries in daily life.,https://www.amazon.com/Skin-Game-Hidden-Asymmetries-Daily/dp/042528462X,https://www.amazon.com/Skin-Game-Hidden-Asymmetries-Daily/dp/042528462X?tag=halchemylab-20,False,True,True
175,Liar's Poker,Michael Lewis,business,finance,2,5,narrative-history,narrative-history,,Rising through the wreckage on Wall Street.,https://www.amazon.com/Liars-Poker-Rising-Through-Wreckage/dp/039333869X,https://www.amazon.com/Liars-Poker-Rising-Through-Wreckage/dp/039333869X?tag=halchemylab-20,True,True,True
176,The Big Short,Michael Lewis,business,finance,2,5,narrative-history,narrative-history,2010,Inside the Doomsday Machine of the 2008 financial crisis.,https://www.amazon.com/Big-Short-Inside-Doomsday-Machine/dp/0393338827,https://www.amazon.com/Big-Short-Inside-Doomsday-Machine/dp/0393338827?tag=halchemylab-20,True,True,True
177,Moneyball,Michael Lewis,business,sports,2,5,narrative-history,conceptual,,The art of winning an unfair game.,https://www.amazon.com/Moneyball-Art-Winning-Unfair-Game/dp/0393324818,https://www.amazon.com/Moneyball-Art-Winning-Unfair-Game/dp/0393324818?tag=halchemylab-20,True,True,True
178,Flash Boys,Michael Lewis,business,finance,2,5,narrative-history,narrative-history,,A Wall Street revolt.,https://www.amazon.com/Flash-Boys-Wall-Street-Revolt/dp/0393351599,https://www.amazon.com/Flash-Boys-Wall-Street-Revolt/dp/0393351599?tag=halchemylab-20,True,True,True
179,The Undoing Project,Michael Lewis,science,psychology,2,5,narrative-history,conceptual,,A friendship that changed our minds.,https://www.amazon.com/Undoing-Project-Friendship-Changed-Minds/dp/0393254593,https://www.amazon.com/Undoing-Project-Friendship-Changed-Minds/dp/0393254593?tag=halchemylab-20,True,True,True
180,Moonwalking with Einstein,Joshua Foer,science,psychology,2,5,story-driven,conceptual,,The art and science of remembering everything.,https://www.amazon.com/Moonwalking-Einstein-Science-Remembering-Everything/dp/0143120530,https://www.amazon.com/Moonwalking-Einstein-Science-Remembering-Everything/dp/0143120530?tag=halchemylab-20,True,True,True
181,Born to Run,Christopher McDougall,health,fitness,2,5,story-driven,conceptual,,"A hidden tribe,superathletes,and the greatest race the world has never seen.",https://www.amazon.com/Born-Run-Hidden-Superathletes-Greatest/dp/0307279189,https://www.amazon.com/Born-Run-Hidden-Superathletes-Greatest/dp/0307279189?tag=halchemylab-20,True,True,True
182,Breath,James Nestor,health,science,2,5,story-driven,conceptual,,The new science of a lost art.,https://www.amazon.com/Breath-New-Science-Lost-Art/dp/0735213615,https://www.amazon.com/Breath-New-Science-Lost-Art/dp/0735213615?tag=halchemylab-20,True,True,True
183,Outlive,Peter Attia,health,longevity,3,4,academic,conceptual,,The science and art of longevity.,https://www.amazon.com/Outlive-Science-Art-Longevity-Peter-Attia/dp/0593236599,https://www.amazon.com/Outlive-Science-Art-Longevity-Peter-Attia/dp/0593236599?tag=halchemylab-20,False,True,True
184,Lifespan,David Sinclair,science,biology,3,4,academic,conceptual,,Why we age and why we don't have to.,https://www.amazon.com/Lifespan-Why-Age-Dont-Have/dp/1501191977,https://www.amazon.com/Lifespan-Why-Age-Dont-Have/dp/1501191977?tag=halchemylab-20,False,True,True
185,Why Zebras Don't Get Ulcers,Robert Sapolsky,science,biology,3,4,academic,conceptual,,"An updated guide to stress,stress-related diseases,and coping.",https://www.amazon.com/Why-Zebras-Dont-Get-Ulcers/dp/0805073698,https://www.amazon.com/Why-Zebras-Dont-Get-Ulcers/dp/0805073698?tag=halchemylab-20,False,True,True
186,Behave,Robert Sapolsky,science,biology,4,3,academic,conceptual,,The biology of humans at our best and worst.,https://www.amazon.com/Behave-Biology-Humans-Best-Worst/dp/1594205078,https://www.amazon.com/Behave-Biology-Humans-Best-Worst/dp/1594205078?tag=halchemylab-20,False,True,True
187,The Better Angels of Our Nature,Steven Pinker,history,general,4,3,academic,conceptual,,Why violence has declined.,https://www.amazon.com/Better-Angels-Our-Nature-Violence/dp/0143122010,https://www.amazon.com/Better-Angels-Our-Nature-Violence/dp/0143122010?tag=halchemylab-20,False,True,True
188,Collapse,Jared Diamond,history,civilization,3,4,academic,narrative-history,,How societies choose to fail or succeed.,https://www.amazon.com/Collapse-Societies-Choose-Fail-Succeed/dp/0143117009,https://www.amazon.com/Collapse-Societies-Choose-Fail-Succeed/dp/0143117009?tag=halchemylab-20,False,True,True
189,1491,Charles C. Mann,history,americas,3,4,narrative-history,narrative-history,,New revelations of the Americas before Columbus.,https://www.amazon.com/1491-Revelations-Americas-Before-Columbus/dp/1400032059,https://www.amazon.com/1491-Revelations-Americas-Before-Columbus/dp/1400032059?tag=halchemylab-20,False,True,True
190,Midnight in Chernobyl,Adam Higginbotham,history,disaster,2,5,narrative-history,narrative-history,1986,The untold story of the world's greatest nuclear disaster.,https://www.amazon.com/Midnight-Chernobyl-Greatest-Nuclear-Disaster/dp/1501134612,https://www.amazon.com/Midnight-Chernobyl-Greatest-Nuclear-Disaster/dp/1501134612?tag=halchemylab-20,True,True,True
191,Into Thin Air,Jon Krakauer,history,adventure,2,5,narrative-history,narrative-history,1996,A personal account of the Mt. Everest disaster.,https://www.amazon.com/Into-Thin-Air-Personal-Disaster/dp/0385494785,https://www.amazon.com/Into-Thin-Air-Personal-Disaster/dp/0385494785?tag=halchemylab-20,True,True,True
192,The Wager,David Grann,history,adventure,2,5,narrative-history,narrative-history,1740,"A tale of shipwreck,mutiny and murder.",https://www.amazon.com/Wager-Tale-Shipwreck-Mutiny-Murder/dp/0385534264,https://www.amazon.com/Wager-Tale-Shipwreck-Mutiny-Murder/dp/0385534264?tag=halchemylab-20,True,True,True
193,Killers of the Flower Moon,David Grann,history,crime,2,5,narrative-history,narrative-history,1920,The Osage murders and the birth of the FBI.,https://www.amazon.com/Killers-Flower-Moon-Osage-Murders/dp/0385534248,https://www.amazon.com/Killers-Flower-Moon-Osage-Murders/dp/0385534248?tag=halchemylab-20,True,True,True
194,Educated,Tara Westover,biography,memoir,2,5,story-driven,narrative-history,,A memoir of a woman who leaves her survivalist family and goes to college.,https://www.amazon.com/Educated-Memoir-Tara-Westover/dp/0399590501,https://www.amazon.com/Educated-Memoir-Tara-Westover/dp/0399590501?tag=halchemylab-20,True,True,True
195,Becoming,Michelle Obama,biography,memoir,2,5,story-driven,narrative-history,,A memoir by the former First Lady of the United States.,https://www.amazon.com/Becoming-Michelle-Obama/dp/1524763136,https://www.amazon.com/Becoming-Michelle-Obama/dp/1524763136?tag=halchemylab-20,True,True,True
196,The Glass Castle,Jeannette Walls,biography,memoir,2,5,story-driven,narrative-history,,A memoir of a poverty-stricken childhood.,https://www.amazon.com/Glass-Castle-Memoir-Jeannette-Walls/dp/074324754X,https://www.amazon.com/Glass-Castle-Memoir-Jeannette-Walls/dp/074324754X?tag=halchemylab-20,True,True,True
197,Just Mercy,Bryan Stevenson,social,law,2,5,story-driven,narrative-history,,A story of justice and redemption.,https://www.amazon.com/Just-Mercy-Story-Justice-Redemption/dp/081298496X,https://www.amazon.com/Just-Mercy-Story-Justice-Redemption/dp/081298496X?tag=halchemylab-20,True,True,True
198,The New Jim Crow,Michelle Alexander,social,law,3,4,academic,conceptual,,Mass incarceration in the age of colorblindness.,https://www.amazon.com/New-Jim-Crow-Incarceration-Colorblindness/dp/1595586431,https://www.amazon.com/New-Jim-Crow-Incarceration-Colorblindness/dp/1595586431?tag=halchemylab-20,False,True,True
199,Evicted,Matthew Desmond,social,economics,2,5,narrative-history,narrative-history,,Poverty and profit in the American city.,https://www.amazon.com/Evicted-Poverty-Profit-American-City/dp/0553447432,https://www.amazon.com/Evicted-Poverty-Profit-American-City/dp/0553447432?tag=halchemylab-20,True,True,True
200,Between the World and Me,Ta-Nehisi Coates,social,race,3,5,story-driven,conceptual,,A letter to the author's teenage son about the reality of being black in the United States.,https://www.amazon.com/Between-World-Me-Ta-Nehisi-Coates/dp/0812993543,https://www.amazon.com/Between-World-Me-Ta-Nehisi-Coates/dp/0812993543?tag=halchemylab-20,True,True,True
203,Universal Principles of Design,William Lidwell,design,,2,5,reference,conceptual,,A cross-disciplinary reference guide to 125 distinct design concepts and heuristics.,https://www.amazon.com/Universal-Principles-Design-Revised-Updated/dp/1592535879,https://www.amazon.com/Universal-Principles-Design-Revised-Updated/dp/1592535879?tag=halchemylab-20,True,True,True
204,Steal Like an Artist,Austin Kleon,design,creativity,1,5,tactical/how-to,behavioral-skill,,"A manifesto for creativity in the digital age—short,punchy,and visually inspiring.",https://www.amazon.com/Steal-Like-Artist-Things-Creative/dp/0761169253,https://www.amazon.com/Steal-Like-Artist-Things-Creative/dp/0761169253?tag=halchemylab-20,True,False,False
206,Influence: The Psychology of Persuasion,Robert Cialdini,psychology,,2,5,conceptual,conceptual,,Explains the six universal principles of persuasion and how to use them (or defend against them).,https://www.amazon.com/Influence-Psychology-Persuasion-Robert-Cialdini/dp/006124189X,https://www.amazon.com/Influence-Psychology-Persuasion-Robert-Cialdini/dp/006124189X?tag=halchemylab-20,True,True,True
208,Flow: The Psychology of Optimal Experience,Mihaly Csikszentmihalyi,psychology,,3,3,academic,conceptual,,Investigates the state of 'flow'—complete absorption in an activity—and how to achieve it.,https://www.amazon.com/Flow-Psychology-Experience-Perennial-Classics/dp/0061339202,https://www.amazon.com/Flow-Psychology-Experience-Perennial-Classics/dp/0061339202?tag=halchemylab-20,False,True,True
210,Essentialism: The Disciplined Pursuit of Less,Greg McKeown,productivity,,1,5,conceptual,behavioral-skill,,Teaches the art of discerning what is truly essential and eliminating everything else.,https://www.amazon.com/Essentialism-Disciplined-Pursuit-Greg-McKeown/dp/0804137382,https://www.amazon.com/Essentialism-Disciplined-Pursuit-Greg-McKeown/dp/0804137382?tag=halchemylab-20,True,True,False
211,Make Time,Jake Knapp,productivity,,1,5,tactical/how-to,behavioral-skill,,A friendly framework for choosing what to focus on and finding energy to do it.,https://www.amazon.com/Make-Time-Focus-Matters-Every/dp/0525572422,https://www.amazon.com/Make-Time-Focus-Matters-Every/dp/0525572422?tag=halchemylab-20,True,True,False
212,The Psychology of Money,Morgan Housel,finance,,1,5,story-driven,conceptual,,"Timeless lessons on wealth,greed,and happiness doing well with money is about how you behave.",https://www.amazon.com/Psychology-Money-Timeless-lessons-happiness/dp/0857197681,https://www.amazon.com/Psychology-Money-Timeless-lessons-happiness/dp/0857197681?tag=halchemylab-20,True,True,True
213,I Will Teach You to Be Rich,Ramit Sethi,finance,,1,5,tactical/how-to,procedural-skill,,"A 6-week program that just works. No guilt,no excuses,just a rich life.",https://www.amazon.com/Will-Teach-You-Rich-Second/dp/1523505745,https://www.amazon.com/Will-Teach-You-Rich-Second/dp/1523505745?tag=halchemylab-20,True,True,False
214,The Simple Path to Wealth,JL Collins,finance,,2,5,tactical/how-to,conceptual,,"The roadmap to financial independence and a rich,free life via index investing.",https://www.amazon.com/Simple-Path-Wealth-financial-independence/dp/1533667926,https://www.amazon.com/Simple-Path-Wealth-financial-independence/dp/1533667926?tag=halchemylab-20,True,True,False
218,How to Win Friends and Influence People,Dale Carnegie,communication,,1,5,story-driven,behavioral-skill,,The classic guide to interpersonal skills. Fundamental for business and social success.,https://www.amazon.com/How-Win-Friends-Influence-People/dp/0671027034,https://www.amazon.com/How-Win-Friends-Influence-People/dp/0671027034?tag=halchemylab-20,True,True,False
220,Letters from a Stoic,Seneca,philosophy,stoicism,3,4,conceptual,conceptual,,Timeless wisdom on the art of living from one of Stoicism's most eloquent writers.,https://www.amazon.com/Letters-Stoic-Penguin-Classics-Seneca/dp/0140442103,https://www.amazon.com/Letters-Stoic-Penguin-Classics-Seneca/dp/0140442103?tag=halchemylab-20,True,True,True
221,Sophie's World,Jostein Gaarder,philosophy,history,2,5,story-driven,conceptual,,A novel about the history of philosophy. An engaging entry point for beginners.,https://www.amazon.com/Sophies-World-Novel-History-Philosophy/dp/0374530718,https://www.amazon.com/Sophies-World-Novel-History-Philosophy/dp/0374530718?tag=halchemylab-20,True,True,False
222,Naked Statistics,Charles Wheelan,data,,1,5,conceptual,conceptual,,Strips the dread from the data to reveal what statistics really are—and aren't.,https://www.amazon.com/Naked-Statistics-Stripping-Dread-Data/dp/039334777X,https://www.amazon.com/Naked-Statistics-Stripping-Dread-Data/dp/039334777X?tag=halchemylab-20,True,True,False
223,Storytelling with Data,Cole Nussbaumer Knaflic,data,,2,5,tactical/how-to,procedural-skill,,Don't simply show your data—tell a story with it. A guide to data visualization.,https://www.amazon.com/Storytelling-Data-Visualization-Business-Professionals/dp/1119002257,https://www.amazon.com/Storytelling-Data-Visualization-Business-Professionals/dp/1119002257?tag=halchemylab-20,True,True,True
224,Weapons of Math Destruction,Cathy O'Neil,data,,2,5,conceptual,conceptual,,How big data increases inequality and threatens democracy.,https://www.amazon.com/Weapons-Math-Destruction-Increases-Inequality/dp/0553418815,https://www.amazon.com/Weapons-Math-Destruction-Increases-Inequality/dp/0553418815?tag=halchemylab-20,True,True,True
225,Superforecasting,Philip Tetlock,data,,3,4,academic,conceptual,,The science of prediction and how to get better at it.,https://www.amazon.com/Superforecasting-Art-Science-Prediction-Philip/dp/0804136718,https://www.amazon.com/Superforecasting-Art-Science-Prediction-Philip/dp/0804136718?tag=halchemylab-20,False,True,True
226,Misbehaving,Richard Thaler,business,economics,3,4,story-driven,conceptual,,The making of behavioral economics and how psychology affects markets.,https://www.amazon.com/Misbehaving-Behavioral-Economics-Richard-Thaler/dp/039335279X,TODO_AFFILIATE,False,True,True
227,Fooled by Randomness,Nassim Nicholas Taleb,business,economics,4,3,story-driven,conceptual,,The hidden role of chance in life and in the markets.,https://www.amazon.com/Fooled-Randomness-Hidden-Markets-Incerto/dp/0812975219,TODO_AFFILIATE,False,True,True
228,Scale,Geoffrey West,science,complexity,4,3,academic,conceptual,,"The universal laws of growth, innovation, sustainability, and the pace of life in organisms, cities, economies, and companies.",https://www.amazon.com/Scale-Universal-Innovation-Sustainability-Organisms/dp/1594205582,TODO_AFFILIATE,False,True,True
229,Chaos,James Gleick,science,math,3,5,narrative-history,conceptual,,Making a new science.,https://www.amazon.com/Chaos-Making-Science-James-Gleick/dp/0143113453,TODO_AFFILIATE,True,True,True
230,The Information,James Gleick,history,science,3,4,narrative-history,conceptual,,"A history, a theory, a flood.",https://www.amazon.com/Information-History-Theory-Flood/dp/1400096235,TODO_AFFILIATE,False,True,True
231,"Hands-On Machine Learning with Scikit-Learn, Keras, and TensorFlow",Aurélien Géron,coding,AI,3,4,tactical/how-to,procedural-skill,,"Concepts, tools, and techniques to build intelligent systems.",https://www.amazon.com/Hands-Machine-Learning-Scikit-Learn-TensorFlow/dp/1492032646,TODO_AFFILIATE,False,True,True
232,Python for Data Analysis,Wes McKinney,coding,data,3,3,tactical/how-to,procedural-skill,,"Data wrangling with Pandas, NumPy, and IPython.",https://www.amazon.com/Python-Data-Analysis-Wrangling-IPython/dp/1491957662,TODO_AFFILIATE,False,True,True
233,Data Science from Scratch,Joel Grus,coding,data,3,4,tactical/how-to,procedural-skill,,First principles with Python.,https://www.amazon.com/Data-Science-Scratch-Principles-Python/dp/1492041130,TODO_AFFILIATE,True,True,True
234,The Art of Statistics,David Spiegelhalter,data,stats,2,5,conceptual,conceptual,,How to learn from data.,https://www.amazon.com/Art-Statistics-How-Learn-Data/dp/1541618513,TODO_AFFILIATE,True,True,True
235,How to Lie with Statistics,Darrell Huff,data,stats,1,5,tactical/how-to,conceptual,,A standard manual for statisticians and a warning for the general public.,https://www.amazon.com/How-Lie-Statistics-Darrell-Huff/dp/0393310728,TODO_AFFILIATE,True,True,False
236,Heat,Bill Buford,cooking,memoir,2,5,story-driven,narrative-history,,"An amateur's adventures as kitchen slave, line cook, pasta maker, and apprentice to a Dante-quoting butcher in Tuscany.",https://www.amazon.com/Heat-Adventures-Kitchen-Apprentice-Dante-Quoting/dp/1400034477,TODO_AFFILIATE,True,True,True
237,Cooked,Michael Pollan,cooking,science,2,5,story-driven,conceptual,,A natural history of transformation.,https://www.amazon.com/Cooked-Natural-History-Transformation-Michael/dp/0143125338,TODO_AFFILIATE,True,True,True
238,The Omnivore's Dilemma,Michael Pollan,science,food,2,5,narrative-history,conceptual,,A natural history of four meals.,https://www.amazon.com/Omnivores-Dilemma-Natural-History-Meals/dp/0143038583,TODO_AFFILIATE,True,True,True
239,The Effective Executive,Peter Drucker,business,management,3,4,tactical/how-to,behavioral-skill,,The definitive guide to getting the right things done.,https://www.amazon.com/Effective-Executive-Definitive-Harperbusiness-Essentials/dp/0062574345,TODO_AFFILIATE,False,True,True
240,Tribes,Seth Godin,business,leadership,1,5,story-driven,conceptual,,We need you to lead us.,https://www.amazon.com/Tribes-We-Need-You-Lead/dp/1591842336,TODO_AFFILIATE,True,True,True
241,Purple Cow,Seth Godin,business,marketing,1,5,story-driven,conceptual,,Transform your business by being remarkable.,https://www.amazon.com/Purple-Cow-Transform-Business-Remarkable/dp/1591843170,TODO_AFFILIATE,True,True,True
242,Ogilvy on Advertising,David Ogilvy,business,marketing,2,5,tactical/how-to,conceptual,,A candid and indispensable primer on all aspects of advertising from the man who helped shape the industry.,https://www.amazon.com/Ogilvy-Advertising-David/dp/039472903X,TODO_AFFILIATE,True,True,True
243,On Writing,Stephen King,creativity,writing,1,5,memoir,behavioral-skill,,A memoir of the craft.,https://www.amazon.com/Writing-Memoir-Craft-Stephen-King/dp/1439156816,TODO_AFFILIATE,True,True,True
244,Bird by Bird,Anne Lamott,creativity,writing,1,5,memoir,behavioral-skill,,Some instructions on writing and life.,https://www.amazon.com/Bird-Some-Instructions-Writing-Life/dp/0385480016,TODO_AFFILIATE,True,True,True
245,On Writing Well,William Zinsser,creativity,writing,2,5,tactical/how-to,procedural-skill,,The classic guide to writing nonfiction.,https://www.amazon.com/Writing-Well-Classic-Guide-Nonfiction/dp/0060891548,TODO_AFFILIATE,True,True,True
246,The Wealth of Nations,Adam Smith,business,economics,5,2,academic,conceptual,1776,The fundamental work on free market policies.,https://www.amazon.com/Wealth-Nations-Adam-Smith/dp/0553585975,TODO_AFFILIATE,False,False,True
247,Poor Charlie's Almanack,Charlie Munger,business,wisdom,3,4,story-driven,conceptual,,The wit and wisdom of Charles T. Munger.,https://www.amazon.com/Poor-Charlies-Almanack-Charles-Munger/dp/1578645018,TODO_AFFILIATE,False,True,True
248,Test Driven Development: By Example,Kent Beck,coding,engineering,3,4,tactical/how-to,procedural-skill,,A practical guide to TDD with examples in Java and Python.,https://www.amazon.com/Test-Driven-Development-Example-Addison-Wesley-Signature/dp/0321146530,TODO_AFFILIATE,False,True,True
249,Release It!,Michael Nygard,coding,engineering,3,4,tactical/how-to,conceptual,,Design and deploy production-ready software.,https://www.amazon.com/Release-Design-Deploy-Production-Ready-Software/dp/0978739213,TODO_AFFILIATE,False,True,True
250,The Goal,Eliyahu Goldratt,business,management,2,5,story-driven,conceptual,,A process of ongoing improvement.,https://www.amazon.com/Goal-Process-Ongoing-Improvement/dp/0884271951,TODO_AFFILIATE,True,True,True
251,Can't Hurt Me,David Goggins,biography,memoir,3,4,story-driven,behavioral-skill,,Master your mind and defy the odds.,https://www.amazon.com/Cant-Hurt-Me-Master-Your/dp/1544512287,https://www.amazon.com/Cant-Hurt-Me-Master-Your/dp/1544512287?tag=halchemylab-20,True,True,True
252,The Subtle Art of Not Giving a F*ck,Mark Manson,philosophy,psychology,2,5,tactical/how-to,conceptual,,A counterintuitive approach to living a good life.,https://www.amazon.com/Subtle-Art-Not-Giving-Counterintuitive/dp/0062457713,https://www.amazon.com/Subtle-Art-Not-Giving-Counterintuitive/dp/0062457713?tag=halchemylab-20,True,True,False
253,The 5 Second Rule,Mel Robbins,productivity,habits,1,5,tactical/how-to,behavioral-skill,,Transform your life work and confidence with everyday courage.,https://www.amazon.com/Second-Rule-Transform-Confidence-Everyday/dp/1682612384,https://www.amazon.com/Second-Rule-Transform-Confidence-Everyday/dp/1682612384?tag=halchemylab-20,True,True,False
254,Make Your Bed,William H. McRaven,productivity,discipline,1,5,story-driven,behavioral-skill,,Little things that can change your life...and maybe the world.,https://www.amazon.com/Make-Your-Bed-Little-Things/dp/1455570249,https://www.amazon.com/Make-Your-Bed-Little-Things/dp/1455570249?tag=halchemylab-20,True,True,False
255,12 Rules for Life,Jordan B. Peterson,philosophy,psychology,4,3,academic,conceptual,,An antidote to chaos.,https://www.amazon.com/12-Rules-Life-Antidote-Chaos/dp/0345816021,https://www.amazon.com/12-Rules-Life-Antidote-Chaos/dp/0345816021?tag=halchemylab-20,False,True,True
256,Awaken the Giant Within,Tony Robbins,psychology,success,3,4,tactical/how-to,behavioral-skill,,How to take immediate control of your mental emotional physical and financial destiny.,https://www.amazon.com/Awaken-Giant-Within-Immediate-Emotional/dp/0671791540,https://www.amazon.com/Awaken-Giant-Within-Immediate-Emotional/dp/0671791540?tag=halchemylab-20,True,True,True
257,Think and Grow Rich,Napoleon Hill,business,finance,2,4,conceptual,conceptual,1937,The landmark bestseller on success and wealth accumulation.,https://www.amazon.com/Think-Grow-Rich-Landmark-Bestseller/dp/1585424331,https://www.amazon.com/Think-Grow-Rich-Landmark-Bestseller/dp/1585424331?tag=halchemylab-20,True,True,True
258,The Magic of Thinking Big,David J. Schwartz,psychology,mindset,2,5,tactical/how-to,behavioral-skill,,Acquire the secrets of success...achieve everything you've always wanted.,https://www.amazon.com/Magic-Thinking-Big-David-Schwartz/dp/0671646788,https://www.amazon.com/Magic-Thinking-Big-David-Schwartz/dp/0671646788?tag=halchemylab-20,True,True,False
259,Who Moved My Cheese?,Spencer Johnson,business,psychology,1,5,story-driven,conceptual,,An amazing way to deal with change in your work and in your life.,https://www.amazon.com/Who-Moved-My-Cheese-Amazing/dp/0399144463,https://www.amazon.com/Who-Moved-My-Cheese-Amazing/dp/0399144463?tag=halchemylab-20,True,False,False
260,The Four Agreements,Don Miguel Ruiz,philosophy,spirituality,1,5,conceptual,conceptual,,A practical guide to personal freedom.,https://www.amazon.com/Four-Agreements-Practical-Personal-Freedom/dp/1878424319,https://www.amazon.com/Four-Agreements-Practical-Personal-Freedom/dp/1878424319?tag=halchemylab-20,True,True,True
261,The War of Art,Steven Pressfield,creativity,psychology,2,5,conceptual,conceptual,,Break through the blocks and win your inner creative battles.,https://www.amazon.com/War-Art-Through-Creative-Battles/dp/1936891026,https://www.amazon.com/War-Art-Through-Creative-Battles/dp/1936891026?tag=halchemylab-20,True,True,True
263,Ego Is the Enemy,Ryan Holiday,philosophy,stoicism,2,5,story-driven,conceptual,,The fight to master our greatest opponent.,https://www.amazon.com/Ego-Enemy-Ryan-Holiday/dp/1591847818,https://www.amazon.com/Ego-Enemy-Ryan-Holiday/dp/1591847818?tag=halchemylab-20,True,True,True
264,Stillness Is the Key,Ryan Holiday,philosophy,stoicism,2,5,story-driven,conceptual,,An ancient strategy for modern life.,https://www.amazon.com/Stillness-Key-Ryan-Holiday/dp/0525538585,https://www.amazon.com/Stillness-Key-Ryan-Holiday/dp/0525538585?tag=halchemylab-20,True,True,True
265,Tools of Titans,Tim Ferriss,productivity,success,2,4,tactical/how-to,procedural-skill,,The tactics routines and habits of billionaires icons and world-class performers.,https://www.amazon.com/Tools-Titans-Billionaires-World-Class-Performers/dp/1328683788,https://www.amazon.com/Tools-Titans-Billionaires-World-Class-Performers/dp/1328683788?tag=halchemylab-20,True,True,True
266,The Power of Now,Eckhart Tolle,philosophy,spirituality,3,3,conceptual,conceptual,,A guide to spiritual enlightenment.,https://www.amazon.com/Power-Now-Guide-Spiritual-Enlightenment/dp/1577314808,https://www.amazon.com/Power-Now-Guide-Spiritual-Enlightenment/dp/1577314808?tag=halchemylab-20,False,True,True
267,Big Magic,Elizabeth Gilbert,creativity,psychology,1,5,story-driven,conceptual,,Creative living beyond fear.,https://www.amazon.com/Big-Magic-Creative-Living-Beyond/dp/1594634726,https://www.amazon.com/Big-Magic-Creative-Living-Beyond/dp/1594634726?tag=halchemylab-20,True,True,False
268,Indistractable,Nir Eyal,productivity,psychology,2,4,tactical/how-to,behavioral-skill,,How to control your attention and choose your life.,https://www.amazon.com/Indistractable-Control-Your-Attention-Choose/dp/194883653X,https://www.amazon.com/Indistractable-Control-Your-Attention-Choose/dp/194883653X?tag=halchemylab-20,True,True,True
269,Daring Greatly,Brené Brown,psychology,vulnerability,2,4,academic,conceptual,,How the courage to be vulnerable transforms the way we live love parent and lead.,https://www.amazon.com/Daring-Greatly-Courage-Vulnerable-Transforms/dp/1592408419,https://www.amazon.com/Daring-Greatly-Courage-Vulnerable-Transforms/dp/1592408419?tag=halchemylab-20,True,True,True
270,Tribe of Mentors,Tim Ferriss,productivity,success,2,4,tactical/how-to,procedural-skill,,Short life advice from the best in the world.,https://www.amazon.com/Tribe-Mentors-Short-Advice-World/dp/1328994961,https://www.amazon.com/Tribe-Mentors-Short-Advice-World/dp/1328994961?tag=halchemylab-20,True,True,True
271,Limitless,Jim Kwik,productivity,learning,2,5,tactical/how-to,procedural-skill,,Upgrade your brain learn anything faster and unlock your exceptional life.,https://www.amazon.com/Limitless-Upgrade-Anything-Faster-Exceptional/dp/1401956616,https://www.amazon.com/Limitless-Upgrade-Anything-Faster-Exceptional/dp/1401956616?tag=halchemylab-20,True,True,True
273,Give and Take,Adam Grant,business,psychology,2,4,story-driven,behavioral-skill,,Why helping others drives our success.,https://www.amazon.com/Give-Take-Helping-Others-Success/dp/0143124986,https://www.amazon.com/Give-Take-Helping-Others-Success/dp/0143124986?tag=halchemylab-20,True,True,True
274,Drawing on the Right Side of the Brain,Betty Edwards,art,drawing,1,4,tactical/how-to,procedural-skill,,The definitive guide to learning how to draw by accessing the right side of your brain.,https://www.amazon.com/Drawing-Right-Side-Brain-Definitive/dp/1585429201,TODO_AFFILIATE,True,True,False
275,Understanding Comics,Scott McCloud,art,comics,2,5,story-driven,conceptual,,A comic book about comic books that explains the art of visual storytelling.,https://www.amazon.com/Understanding-Comics-Invisible-Scott-McCloud/dp/006097625X,TODO_AFFILIATE,True,True,True
276,The Animator's Survival Kit,Richard Williams,art,animation,3,5,tactical/how-to,procedural-skill,,"The definitive manual of methods, principles, and formulas for computer, stop-motion, and classical animators.",https://www.amazon.com/Animators-Survival-Kit-Principles-Classical/dp/086547897X,TODO_AFFILIATE,False,True,True
277,Color and Light,James Gurney,art,painting,3,5,tactical/how-to,procedural-skill,,A guide for the realist painter on color and light.,https://www.amazon.com/Color-Light-Guide-Realist-Painter/dp/0740797719,TODO_AFFILIATE,False,True,True
278,"Gödel, Escher, Bach",Douglas Hofstadter,science,math,5,2,academic,conceptual,,A metaphorical fugue on minds and machines in the spirit of Lewis Carroll.,https://www.amazon.com/G%C3%B6del-Escher-Bach-Eternal-Golden/dp/0465026567,TODO_AFFILIATE,False,False,True
279,The Hero with a Thousand Faces,Joseph Campbell,philosophy,mythology,4,3,academic,conceptual,,The classic study of the world's hero myths.,https://www.amazon.com/Hero-Thousand-Faces-Collected-Joseph/dp/1577315936,TODO_AFFILIATE,False,True,True
280,Save the Cat!,Blake Snyder,creativity,writing,2,5,tactical/how-to,procedural-skill,,The last book on screenwriting you'll ever need.,https://www.amazon.com/Save-Cat-Last-Screenwriting-Youll/dp/1932907009,TODO_AFFILIATE,True,True,False
281,Story,Robert McKee,creativity,writing,4,4,academic,conceptual,,"Substance, structure, style, and the principles of screenwriting.",https://www.amazon.com/Story-Substance-Structure-Principles-Screenwriting/dp/0060391685,TODO_AFFILIATE,False,True,True
282,In the Blink of an Eye,Walter Murch,creativity,film,2,5,story-driven,conceptual,,A perspective on film editing.,https://www.amazon.com/Blink-Eye-Perspective-Film-Editing/dp/1879505622,TODO_AFFILIATE,True,True,True
283,How Music Works,David Byrne,creativity,music,2,5,story-driven,conceptual,,A celebration of music from the Talking Heads frontman.,https://www.amazon.com/How-Music-Works-David-Byrne/dp/1938073533,TODO_AFFILIATE,True,True,True
284,The Inner Game of Tennis,W. Timothy Gallwey,psychology,performance,2,5,tactical/how-to,behavioral-skill,,The classic guide to the mental side of peak performance.,https://www.amazon.com/Inner-Game-Tennis-Classic-Performance/dp/0679778314,TODO_AFFILIATE,True,True,True
285,Starting Strength,Mark Rippetoe,health,fitness,2,3,tactical/how-to,procedural-skill,,Basic barbell training.,https://www.amazon.com/Starting-Strength-Basic-Barbell-Training/dp/0982522738,TODO_AFFILIATE,True,True,False
286,Becoming a Supple Leopard,Kelly Starrett,health,fitness,3,4,reference,procedural-skill,,"The ultimate guide to resolving pain, preventing injury, and optimizing athletic performance.",https://www.amazon.com/Becoming-Supple-Leopard-2nd-Performance/dp/1628600837,TODO_AFFILIATE,False,True,True
287,Nonviolent Communication,Marshall Rosenberg,communication,relationships,2,4,tactical/how-to,behavioral-skill,,A language of life: life-changing tools for healthy relationships.,https://www.amazon.com/Nonviolent-Communication-Language-Life-Changing-Relationships/dp/189200528X,TODO_AFFILIATE,True,True,True
288,Difficult Conversations,Douglas Stone,communication,relationships,2,4,tactical/how-to,behavioral-skill,,How to discuss what matters most.,https://www.amazon.com/Difficult-Conversations-Discuss-What-Matters/dp/0143118447,TODO_AFFILIATE,True,True,True
289,Mastery,Robert Greene,productivity,success,3,4,story-driven,conceptual,,The keys to greatness and unlocking your potential.,https://www.amazon.com/Mastery-Robert-Greene/dp/014312417X,TODO_AFFILIATE,True,True,True
290,The 48 Laws of Power,Robert Greene,business,strategy,3,5,story-driven,conceptual,,A guide for the modern Machiavelli.,https://www.amazon.com/48-Laws-Power-Robert-Greene/dp/0140280197,TODO_AFFILIATE,False,True,True
291,Discourses and Selected Writings,Epictetus,philosophy,stoicism,3,3,academic,conceptual,,Core teachings of the Stoic philosopher Epictetus.,https://www.amazon.com/Discourses-Selected-Writings-Penguin-Classics/dp/0140449469,TODO_AFFILIATE,False,True,True
292,The Book of Five Rings,Miyamoto Musashi,philosophy,strategy,3,3,academic,conceptual,1645,A classic text on Kenjutsu and the martial arts in general.,https://www.amazon.com/Book-Five-Rings-Miyamoto-Musashi/dp/1590302486,TODO_AFFILIATE,False,True,True
293,The Art of Learning,Josh Waitzkin,productivity,learning,2,5,story-driven,behavioral-skill,,An inner journey to optimal performance.,https://www.amazon.com/Art-Learning-Journey-Optimal-Performance/dp/0743277457,TODO_AFFILIATE,True,True,True
294,Ultralearning,Scott Young,productivity,learning,2,4,tactical/how-to,procedural-skill,,"Master hard skills, outsmart the competition, and accelerate your career.",https://www.amazon.com/Ultralearning-Master-Outsmart-Competition-Accelerate/dp/006285268X,TODO_AFFILIATE,True,True,True
295,Make It Stick,Peter C. Brown,productivity,learning,3,4,academic,conceptual,,The science of successful learning.,https://www.amazon.com/Make-Stick-Science-Successful-Learning/dp/0674729013,TODO_AFFILIATE,True,True,True
296,A Mind for Numbers,Barbara Oakley,productivity,learning,2,4,tactical/how-to,procedural-skill,,"How to excel at math and science, even if you flunked algebra.",https://www.amazon.com/Mind-Numbers-Science-Flunked-Algebra/dp/039916524X,TODO_AFFILIATE,True,True,True
297,How to Read a Book,Mortimer J. Adler,productivity,learning,4,3,tactical/how-to,procedural-skill,,The classic guide to intelligent reading.,https://www.amazon.com/How-Read-Book-Classic-Intelligent/dp/0671212095,TODO_AFFILIATE,False,True,True
298,The Rust Programming Language,Steve Klabnik,coding,rust,2,4,tactical/how-to,procedural-skill,,The official guide to the Rust programming language.,https://www.amazon.com/Rust-Programming-Language-Covers-2018/dp/1718500440,TODO_AFFILIATE,True,True,True
299,Building a Second Brain,Tiago Forte,productivity,pkm,2,5,tactical/how-to,procedural-skill,,"A proven method for organizing your digital life and unlocking your creative potential.",https://www.amazon.com/Building-Second-Brain-Organize-Potential/dp/1982167386,TODO_AFFILIATE,True,True,True
300,Creativity Inc.,Ed Catmull,business,leadership,3,5,story-driven,conceptual,,"Overcoming the unseen forces that stand in the way of true inspiration.",https://www.amazon.com/Creativity-Inc-Overcoming-Unseen-Inspiration/dp/0812993012,TODO_AFFILIATE,True,True,True
301,Emotional Intelligence,Daniel Goleman,psychology,,2,4,academic,conceptual,,"Why it can matter more than IQ.",https://www.amazon.com/Emotional-Intelligence-Matter-More-Than/dp/055338371X,TODO_AFFILIATE,True,True,True
302,Fermat's Enigma,Simon Singh,science,math,3,5,narrative-history,conceptual,,"The epic quest to solve the world's greatest mathematical problem.",https://www.amazon.com/Fermats-Enigma-Greatest-Mathematical-Problem/dp/0385493622,TODO_AFFILIATE,True,True,True
303,100 Things Every Designer Needs to Know About People,Susan Weinschenk,design,psychology,2,5,reference,conceptual,,"What makes people tick? The science behind how we see, read, remember, and think.",https://www.amazon.com/Things-Designer-People-Voices-Matter/dp/0136746918,TODO_AFFILIATE,True,True,True
304,About Face,"Alan Cooper, Robert Reimann, David Cronin",design,ux,4,3,academic,procedural-skill,,"The essentials of interaction design.",https://www.amazon.com/About-Face-Essentials-Interaction-Design/dp/1118766571,TODO_AFFILIATE,False,True,True
305,Rework,"Jason Fried, David Heinemeier Hansson",business,startup,1,5,tactical/how-to,conceptual,,"A different way to work, discarding the traditional business plan.",https://www.amazon.com/Rework-Jason-Fried/dp/0307463745,TODO_AFFILIATE,True,True,True
306,Company of One,Paul Jarvis,business,startup,2,5,conceptual,conceptual,,"Why staying small is the next big thing for business.",https://www.amazon.com/Company-One-Staying-Small-Business/dp/1328972356,TODO_AFFILIATE,True,True,True
307,Lost and Founder,Rand Fishkin,business,startup,2,5,story-driven,conceptual,,"A painfully honest field guide to the startup world.",https://www.amazon.com/Lost-Founder-Painfully-Honest-Startup/dp/0735213321,TODO_AFFILIATE,True,True,True
308,Humble Pi,Matt Parker,science,math,2,5,story-driven,conceptual,,"A comedy of errors: why math goes wrong in the real world.",https://www.amazon.com/Humble-Pi-Comedy-Maths-Errors/dp/0593094322,TODO_AFFILIATE,True,True,True
309,Entangled Life,Merlin Sheldrake,science,biology,3,5,narrative-history,conceptual,,"How fungi make our worlds, change our minds, and shape our futures.",https://www.amazon.com/Entangled-Life-Worlds-Change-Futures/dp/0525510311,TODO_AFFILIATE,True,True,True
310,The Hidden Life of Trees,Peter Wohlleben,science,nature,2,5,story-driven,conceptual,,"What they feel, how they communicate: discoveries from a secret world.",https://www.amazon.com/Hidden-Life-Trees-Communicate-Discoveries-Secret/dp/1771642483,TODO_AFFILIATE,True,True,True
311,Stumbling on Happiness,Daniel Gilbert,psychology,happiness,2,5,story-driven,conceptual,,"Vividly describes the foibles of imagination and illusions of foresight.",https://www.amazon.com/Stumbling-Happiness-Daniel-Gilbert/dp/1400077427,TODO_AFFILIATE,True,True,True
